timestamp,symbol,open,high,low,close,volume
2026-08-31 09:30:00,AAPL,224.30,224.41,223.45,224.11,664947
2026-08-31 10:00:00,AAPL,224.11,225.89,222.05,222.89,281244
2026-08-31 10:30:00,AAPL,222.89,224.23,222.51,223.66,395631
2026-08-31 11:00:00,AAPL,223.66,224.69,222.97,224.59,195574
2026-08-31 11:30:00,AAPL,224.59,225.31,223.03,223.27,83407
2026-08-31 12:00:00,AAPL,223.27,223.91,222.60,223.36,192886
2026-08-31 12:30:00,AAPL,223.36,224.73,223.13,223.91,128625
2026-08-31 13:00:00,AAPL,223.91,224.52,222.62,223.03,102780
2026-08-31 13:30:00,AAPL,223.03,224.10,221.88,223.95,278461
2026-08-31 14:00:00,AAPL,223.95,225.35,222.60,224.98,269600
2026-08-31 14:30:00,AAPL,224.98,226.28,222.31,222.99,104025
2026-08-31 15:00:00,AAPL,222.99,224.36,220.00,221.82,132953
2026-08-31 15:30:00,AAPL,221.82,222.57,220.92,221.62,632554
2026-08-31 16:00:00,AAPL,221.62,223.06,220.92,222.31,599741
2026-09-01 09:30:00,AAPL,219.51,219.87,218.86,218.93,1245775
2026-09-01 10:00:00,AAPL,218.93,219.19,216.13,218.20,834004
2026-09-01 10:30:00,AAPL,218.20,219.26,218.16,218.46,96829
2026-09-01 11:00:00,AAPL,218.46,218.77,217.19,218.06,114701
2026-09-01 11:30:00,AAPL,218.06,220.99,217.49,218.86,423638
2026-09-01 12:00:00,AAPL,218.86,220.77,218.09,218.10,417039
2026-09-01 12:30:00,AAPL,218.10,218.28,217.13,217.15,217752
2026-09-01 13:00:00,AAPL,217.15,218.89,216.19,218.87,385939
2026-09-01 13:30:00,AAPL,218.87,219.25,217.08,218.17,127662
2026-09-01 14:00:00,AAPL,218.17,218.26,216.35,218.19,160132
2026-09-01 14:30:00,AAPL,218.19,219.36,216.33,216.62,280078
2026-09-01 15:00:00,AAPL,216.62,217.72,216.04,216.88,211813
2026-09-01 15:30:00,AAPL,216.88,219.79,215.43,219.46,813054
2026-09-01 16:00:00,AAPL,219.46,219.67,217.88,219.66,1163399
2026-09-02 09:30:00,AAPL,221.49,224.67,220.83,222.45,1002366
2026-09-02 10:00:00,AAPL,222.45,225.00,222.01,224.72,905674
2026-09-02 10:30:00,AAPL,224.72,225.13,223.43,224.73,399275
2026-09-02 11:00:00,AAPL,224.73,226.06,223.50,225.19,358058
2026-09-02 11:30:00,AAPL,225.19,229.21,224.56,228.08,336170
2026-09-02 12:00:00,AAPL,228.08,231.52,226.77,231.25,241225
2026-09-02 12:30:00,AAPL,231.25,231.30,228.78,229.49,377458
2026-09-02 13:00:00,AAPL,229.49,230.22,229.13,230.09,359291
2026-09-02 13:30:00,AAPL,230.09,230.23,229.59,230.18,329184
2026-09-02 14:00:00,AAPL,230.18,231.20,228.88,231.01,191043
2026-09-02 14:30:00,AAPL,231.01,232.48,230.03,230.73,441689
2026-09-02 15:00:00,AAPL,230.73,231.94,229.33,231.14,309690
2026-09-02 15:30:00,AAPL,231.14,232.00,230.50,231.13,509947
2026-09-02 16:00:00,AAPL,231.13,232.25,230.53,231.38,911829
2026-09-03 09:30:00,AAPL,230.65,232.93,230.31,232.86,515877
2026-09-03 10:00:00,AAPL,232.86,233.34,232.57,233.10,499565
2026-09-03 10:30:00,AAPL,233.10,234.21,231.34,232.86,379391
2026-09-03 11:00:00,AAPL,232.86,233.51,232.02,232.36,327974
2026-09-03 11:30:00,AAPL,232.36,233.32,231.51,232.73,302077
2026-09-03 12:00:00,AAPL,232.73,235.28,231.70,233.62,108401
2026-09-03 12:30:00,AAPL,233.62,236.12,230.99,231.80,257892
2026-09-03 13:00:00,AAPL,231.80,232.81,231.36,232.66,180448
2026-09-03 13:30:00,AAPL,232.66,234.26,231.96,233.27,210970
2026-09-03 14:00:00,AAPL,233.27,234.12,232.99,233.85,368528
2026-09-03 14:30:00,AAPL,233.85,236.39,233.69,235.56,128896
2026-09-03 15:00:00,AAPL,235.56,237.28,234.69,235.55,167194
2026-09-03 15:30:00,AAPL,235.55,236.18,232.85,234.25,422634
2026-09-03 16:00:00,AAPL,234.25,236.32,230.07,232.02,1006171
2026-09-04 09:30:00,AAPL,235.63,235.97,233.10,234.58,1615530
2026-09-04 10:00:00,AAPL,234.58,235.55,233.52,233.77,311324
2026-09-04 10:30:00,AAPL,233.77,235.81,233.18,234.73,244419
2026-09-04 11:00:00,AAPL,234.73,236.98,232.80,236.52,162540
2026-09-04 11:30:00,AAPL,236.52,237.63,236.11,236.52,177425
2026-09-04 12:00:00,AAPL,236.52,237.21,235.87,237.05,378673
2026-09-04 12:30:00,AAPL,237.05,237.08,234.66,235.99,404734
2026-09-04 13:00:00,AAPL,235.99,238.56,235.20,237.84,216716
2026-09-04 13:30:00,AAPL,237.84,238.29,235.87,237.39,205140
2026-09-04 14:00:00,AAPL,237.39,237.92,236.69,237.36,118033
2026-09-04 14:30:00,AAPL,237.36,238.75,236.08,236.16,375170
2026-09-04 15:00:00,AAPL,236.16,236.77,235.98,236.76,262981
2026-09-04 15:30:00,AAPL,236.76,239.40,235.37,237.89,637477
2026-09-04 16:00:00,AAPL,237.89,238.94,236.78,237.60,1559269
2026-09-07 09:30:00,AAPL,237.20,239.96,236.75,239.87,731628
2026-09-07 10:00:00,AAPL,239.87,242.13,237.76,241.94,830097
2026-09-07 10:30:00,AAPL,241.94,243.34,241.71,242.65,440446
2026-09-07 11:00:00,AAPL,242.65,244.52,242.05,243.99,336131
2026-09-07 11:30:00,AAPL,243.99,246.26,242.61,244.02,225060
2026-09-07 12:00:00,AAPL,244.02,245.61,243.77,244.72,148587
2026-09-07 12:30:00,AAPL,244.72,245.33,243.95,244.02,304231
2026-09-07 13:00:00,AAPL,244.02,244.48,242.03,242.22,442293
2026-09-07 13:30:00,AAPL,242.22,244.50,241.54,243.77,157643
2026-09-07 14:00:00,AAPL,243.77,244.04,242.02,242.15,271182
2026-09-07 14:30:00,AAPL,242.15,245.36,240.75,244.28,190140
2026-09-07 15:00:00,AAPL,244.28,244.91,240.55,241.92,265429
2026-09-07 15:30:00,AAPL,241.92,244.62,240.74,242.54,412060
2026-09-07 16:00:00,AAPL,242.54,244.38,242.20,243.71,790790
2026-09-08 09:30:00,AAPL,248.05,248.22,247.54,247.70,1146643
2026-09-08 10:00:00,AAPL,247.70,249.11,246.88,248.06,510222
2026-09-08 10:30:00,AAPL,248.06,248.25,244.17,245.98,136673
2026-09-08 11:00:00,AAPL,245.98,246.18,245.04,245.72,321331
2026-09-08 11:30:00,AAPL,245.72,247.07,244.17,245.95,199325
2026-09-08 12:00:00,AAPL,245.95,247.87,245.28,246.37,116396
2026-09-08 12:30:00,AAPL,246.37,247.95,246.20,247.13,416321
2026-09-08 13:00:00,AAPL,247.13,247.22,244.44,244.95,94470
2026-09-08 13:30:00,AAPL,244.95,246.99,242.10,243.90,173620
2026-09-08 14:00:00,AAPL,243.90,245.32,238.96,240.28,261239
2026-09-08 14:30:00,AAPL,240.28,240.91,239.41,240.79,397828
2026-09-08 15:00:00,AAPL,240.79,241.60,240.26,241.55,103271
2026-09-08 15:30:00,AAPL,241.55,241.57,240.98,241.04,814607
2026-09-08 16:00:00,AAPL,241.04,243.26,239.71,239.76,1354496
2026-09-09 09:30:00,AAPL,238.36,240.95,237.94,240.32,711358
2026-09-09 10:00:00,AAPL,240.32,241.62,239.48,241.46,574308
2026-09-09 10:30:00,AAPL,241.46,242.24,240.45,240.87,180579
2026-09-09 11:00:00,AAPL,240.87,242.98,238.04,239.18,435109
2026-09-09 11:30:00,AAPL,239.18,239.84,238.25,239.22,80212
2026-09-09 12:00:00,AAPL,239.22,239.45,238.00,238.65,384079
2026-09-09 12:30:00,AAPL,238.65,239.20,236.31,237.71,348002
2026-09-09 13:00:00,AAPL,237.71,240.64,237.35,238.52,168967
2026-09-09 13:30:00,AAPL,238.52,239.21,237.21,237.93,128961
2026-09-09 14:00:00,AAPL,237.93,238.62,234.78,236.28,432738
2026-09-09 14:30:00,AAPL,236.28,237.95,235.19,235.37,329108
2026-09-09 15:00:00,AAPL,235.37,237.06,234.28,235.76,318769
2026-09-09 15:30:00,AAPL,235.76,236.47,233.57,234.09,768392
2026-09-09 16:00:00,AAPL,234.09,236.62,233.76,236.17,461628
2026-09-10 09:30:00,AAPL,239.80,241.12,236.93,238.07,908943
2026-09-10 10:00:00,AAPL,238.07,242.00,237.75,239.73,511303
2026-09-10 10:30:00,AAPL,239.73,240.17,239.48,239.73,149908
2026-09-10 11:00:00,AAPL,239.73,241.88,238.38,240.46,312035
2026-09-10 11:30:00,AAPL,240.46,241.68,239.31,240.36,344649
2026-09-10 12:00:00,AAPL,240.36,241.34,237.04,237.59,328866
2026-09-10 12:30:00,AAPL,237.59,239.51,237.08,237.92,414318
2026-09-10 13:00:00,AAPL,237.92,239.63,236.81,237.54,310619
2026-09-10 13:30:00,AAPL,237.54,238.41,237.16,237.69,222456
2026-09-10 14:00:00,AAPL,237.69,239.50,235.69,236.19,280820
2026-09-10 14:30:00,AAPL,236.19,237.17,234.73,236.63,113674
2026-09-10 15:00:00,AAPL,236.63,237.08,235.23,235.58,300276
2026-09-10 15:30:00,AAPL,235.58,237.03,234.49,235.73,270480
2026-09-10 16:00:00,AAPL,235.73,238.60,235.65,237.27,1187691
2026-09-11 09:30:00,AAPL,237.56,238.50,235.71,237.18,1578730
2026-09-11 10:00:00,AAPL,237.18,237.20,234.28,235.52,882556
2026-09-11 10:30:00,AAPL,235.52,237.57,235.36,236.88,283873
2026-09-11 11:00:00,AAPL,236.88,239.33,235.59,238.55,291978
2026-09-11 11:30:00,AAPL,238.55,240.44,235.69,238.15,360034
2026-09-11 12:00:00,AAPL,238.15,239.14,236.08,236.25,375903
2026-09-11 12:30:00,AAPL,236.25,236.60,234.20,235.99,175278
2026-09-11 13:00:00,AAPL,235.99,238.19,235.69,237.27,190970
2026-09-11 13:30:00,AAPL,237.27,237.52,235.50,236.08,301021
2026-09-11 14:00:00,AAPL,236.08,236.09,234.93,235.34,90162
2026-09-11 14:30:00,AAPL,235.34,235.70,234.67,235.38,115975
2026-09-11 15:00:00,AAPL,235.38,235.66,233.72,235.13,96268
2026-09-11 15:30:00,AAPL,235.13,236.28,234.57,236.07,382352
2026-09-11 16:00:00,AAPL,236.07,236.70,235.99,236.22,907104
2026-09-14 09:30:00,AAPL,234.64,235.83,233.65,234.92,690192
2026-09-14 10:00:00,AAPL,234.92,235.69,234.43,235.11,577110
2026-09-14 10:30:00,AAPL,235.11,238.81,234.12,236.88,276768
2026-09-14 11:00:00,AAPL,236.88,237.83,233.79,235.13,408855
2026-09-14 11:30:00,AAPL,235.13,236.24,233.61,236.17,238116
2026-09-14 12:00:00,AAPL,236.17,238.44,234.11,237.35,101532
2026-09-14 12:30:00,AAPL,237.35,240.83,236.49,240.22,274285
2026-09-14 13:00:00,AAPL,240.22,242.78,239.17,242.16,337006
2026-09-14 13:30:00,AAPL,242.16,244.37,240.57,242.33,413229
2026-09-14 14:00:00,AAPL,242.33,244.35,241.97,243.63,353545
2026-09-14 14:30:00,AAPL,243.63,245.22,243.46,244.42,362157
2026-09-14 15:00:00,AAPL,244.42,245.86,243.79,244.72,248980
2026-09-14 15:30:00,AAPL,244.72,245.88,241.48,243.02,340872
2026-09-14 16:00:00,AAPL,243.02,244.12,242.78,242.78,1244798
2026-09-15 09:30:00,AAPL,239.87,240.88,238.52,239.05,1194121
2026-09-15 10:00:00,AAPL,239.05,240.85,238.18,240.58,875113
2026-09-15 10:30:00,AAPL,240.58,241.35,237.83,240.28,124885
2026-09-15 11:00:00,AAPL,240.28,240.61,239.25,240.55,371072
2026-09-15 11:30:00,AAPL,240.55,242.26,239.84,240.71,89040
2026-09-15 12:00:00,AAPL,240.71,241.31,239.04,239.43,442695
2026-09-15 12:30:00,AAPL,239.43,241.05,238.56,239.57,260227
2026-09-15 13:00:00,AAPL,239.57,242.46,238.82,240.96,253429
2026-09-15 13:30:00,AAPL,240.96,241.85,239.81,240.06,180969
2026-09-15 14:00:00,AAPL,240.06,241.76,238.54,241.09,441844
2026-09-15 14:30:00,AAPL,241.09,242.19,239.47,241.54,355060
2026-09-15 15:00:00,AAPL,241.54,244.16,239.91,241.82,181773
2026-09-15 15:30:00,AAPL,241.82,242.74,240.97,241.48,382731
2026-09-15 16:00:00,AAPL,241.48,244.10,238.77,243.68,1610477
2026-09-16 09:30:00,AAPL,242.33,246.87,241.04,245.75,665141
2026-09-16 10:00:00,AAPL,245.75,248.11,244.66,247.14,443319
2026-09-16 10:30:00,AAPL,247.14,248.26,246.97,247.49,330467
2026-09-16 11:00:00,AAPL,247.49,248.20,246.13,247.95,439898
2026-09-16 11:30:00,AAPL,247.95,248.66,247.75,248.10,375090
2026-09-16 12:00:00,AAPL,248.10,248.89,248.08,248.75,298195
2026-09-16 12:30:00,AAPL,248.75,252.17,247.61,250.71,198325
2026-09-16 13:00:00,AAPL,250.71,252.02,249.97,251.00,388556
2026-09-16 13:30:00,AAPL,251.00,251.90,250.30,250.36,405597
2026-09-16 14:00:00,AAPL,250.36,254.95,248.91,253.95,407950
2026-09-16 14:30:00,AAPL,253.95,255.89,252.43,255.51,162343
2026-09-16 15:00:00,AAPL,255.51,257.04,254.90,255.68,441429
2026-09-16 15:30:00,AAPL,255.68,257.78,255.18,257.04,492720
2026-09-16 16:00:00,AAPL,257.04,257.89,256.53,256.79,939525
2026-09-17 09:30:00,AAPL,256.19,259.52,255.07,258.64,864856
2026-09-17 10:00:00,AAPL,258.64,259.85,256.47,257.08,929094
2026-09-17 10:30:00,AAPL,257.08,258.54,256.84,257.85,241277
2026-09-17 11:00:00,AAPL,257.85,259.99,256.71,258.32,231315
2026-09-17 11:30:00,AAPL,258.32,258.78,256.39,256.75,222735
2026-09-17 12:00:00,AAPL,256.75,259.55,256.75,258.28,122174
2026-09-17 12:30:00,AAPL,258.28,259.60,255.54,255.68,93560
2026-09-17 13:00:00,AAPL,255.68,257.99,252.17,253.65,381569
2026-09-17 13:30:00,AAPL,253.65,253.76,253.25,253.43,382119
2026-09-17 14:00:00,AAPL,253.43,255.16,250.23,250.67,326677
2026-09-17 14:30:00,AAPL,250.67,250.81,248.48,249.11,308529
2026-09-17 15:00:00,AAPL,249.11,254.99,248.20,254.17,127837
2026-09-17 15:30:00,AAPL,254.17,254.37,252.47,252.69,418637
2026-09-17 16:00:00,AAPL,252.69,254.17,251.26,253.38,1054436
2026-09-18 09:30:00,AAPL,252.22,252.24,250.68,250.97,634674
2026-09-18 10:00:00,AAPL,250.97,251.83,249.45,250.50,789593
2026-09-18 10:30:00,AAPL,250.50,250.52,250.23,250.27,364475
2026-09-18 11:00:00,AAPL,250.27,250.35,248.37,249.83,341353
2026-09-18 11:30:00,AAPL,249.83,251.08,248.38,249.64,186723
2026-09-18 12:00:00,AAPL,249.64,250.19,249.10,249.61,334128
2026-09-18 12:30:00,AAPL,249.61,254.72,247.66,252.66,399224
2026-09-18 13:00:00,AAPL,252.66,255.03,252.59,253.44,293904
2026-09-18 13:30:00,AAPL,253.44,256.49,251.61,253.72,139486
2026-09-18 14:00:00,AAPL,253.72,253.85,252.41,253.03,233019
2026-09-18 14:30:00,AAPL,253.03,253.88,251.48,251.53,332968
2026-09-18 15:00:00,AAPL,251.53,252.80,250.54,252.70,394246
2026-09-18 15:30:00,AAPL,252.70,254.88,252.17,252.28,323201
2026-09-18 16:00:00,AAPL,252.28,254.13,249.77,251.89,1514803
2026-08-31 09:30:00,MSFT,453.11,453.30,452.61,453.18,1666187
2026-08-31 10:00:00,MSFT,453.18,455.20,448.56,448.57,405813
2026-08-31 10:30:00,MSFT,448.57,449.23,444.54,445.98,277766
2026-08-31 11:00:00,MSFT,445.98,451.15,445.56,449.68,178908
2026-08-31 11:30:00,MSFT,449.68,451.73,447.15,451.58,295364
2026-08-31 12:00:00,MSFT,451.58,457.74,450.80,454.95,449742
2026-08-31 12:30:00,MSFT,454.95,458.03,451.85,457.14,421845
2026-08-31 13:00:00,MSFT,457.14,459.18,456.66,456.91,99408
2026-08-31 13:30:00,MSFT,456.91,464.85,456.51,461.57,310847
2026-08-31 14:00:00,MSFT,461.57,465.85,459.28,462.68,88046
2026-08-31 14:30:00,MSFT,462.68,464.48,461.74,462.32,326148
2026-08-31 15:00:00,MSFT,462.32,462.59,459.83,461.20,406767
2026-08-31 15:30:00,MSFT,461.20,463.61,457.93,460.00,809543
2026-08-31 16:00:00,MSFT,460.00,461.13,455.07,456.12,1473300
2026-09-01 09:30:00,MSFT,457.10,459.36,455.67,456.71,1052677
2026-09-01 10:00:00,MSFT,456.71,461.01,455.98,460.96,914532
2026-09-01 10:30:00,MSFT,460.96,461.75,460.18,461.52,167223
2026-09-01 11:00:00,MSFT,461.52,465.13,456.69,459.72,233809
2026-09-01 11:30:00,MSFT,459.72,462.29,458.26,461.10,208029
2026-09-01 12:00:00,MSFT,461.10,461.55,457.70,457.98,121402
2026-09-01 12:30:00,MSFT,457.98,459.32,455.49,456.59,438159
2026-09-01 13:00:00,MSFT,456.59,460.88,455.37,457.00,213157
2026-09-01 13:30:00,MSFT,457.00,461.82,456.34,459.28,323926
2026-09-01 14:00:00,MSFT,459.28,464.02,458.24,462.46,261175
2026-09-01 14:30:00,MSFT,462.46,466.35,462.34,464.85,302460
2026-09-01 15:00:00,MSFT,464.85,466.69,461.70,463.91,333340
2026-09-01 15:30:00,MSFT,463.91,474.68,462.82,473.28,626395
2026-09-01 16:00:00,MSFT,473.28,475.87,464.71,466.10,1280064
2026-09-02 09:30:00,MSFT,477.21,479.55,475.59,476.78,552853
2026-09-02 10:00:00,MSFT,476.78,479.35,471.29,472.89,550096
2026-09-02 10:30:00,MSFT,472.89,474.59,472.48,473.29,179683
2026-09-02 11:00:00,MSFT,473.29,475.28,469.77,471.65,425600
2026-09-02 11:30:00,MSFT,471.65,472.54,469.06,471.15,100668
2026-09-02 12:00:00,MSFT,471.15,474.04,469.33,473.33,383863
2026-09-02 12:30:00,MSFT,473.33,474.06,471.15,472.51,297843
2026-09-02 13:00:00,MSFT,472.51,472.95,470.50,471.36,362805
2026-09-02 13:30:00,MSFT,471.36,474.44,469.91,473.22,166268
2026-09-02 14:00:00,MSFT,473.22,473.44,469.82,473.29,332627
2026-09-02 14:30:00,MSFT,473.29,475.83,471.03,475.52,325540
2026-09-02 15:00:00,MSFT,475.52,476.50,471.95,472.18,198287
2026-09-02 15:30:00,MSFT,472.18,477.19,467.46,474.93,834384
2026-09-02 16:00:00,MSFT,474.93,477.08,471.76,474.17,479189
2026-09-03 09:30:00,MSFT,474.21,477.70,471.98,475.64,999792
2026-09-03 10:00:00,MSFT,475.64,477.36,470.73,471.54,495180
2026-09-03 10:30:00,MSFT,471.54,474.02,470.73,471.18,374339
2026-09-03 11:00:00,MSFT,471.18,473.38,468.06,469.60,323409
2026-09-03 11:30:00,MSFT,469.60,470.89,465.94,466.76,294064
2026-09-03 12:00:00,MSFT,466.76,467.80,460.96,467.43,140880
2026-09-03 12:30:00,MSFT,467.43,472.59,465.27,469.50,151127
2026-09-03 13:00:00,MSFT,469.50,470.62,465.05,467.69,363216
2026-09-03 13:30:00,MSFT,467.69,470.28,465.10,466.54,161014
2026-09-03 14:00:00,MSFT,466.54,471.19,465.29,469.45,226664
2026-09-03 14:30:00,MSFT,469.45,471.15,466.11,466.46,312460
2026-09-03 15:00:00,MSFT,466.46,466.91,461.51,464.78,272589
2026-09-03 15:30:00,MSFT,464.78,475.14,463.42,470.34,626096
2026-09-03 16:00:00,MSFT,470.34,472.90,466.01,472.36,1403611
2026-09-04 09:30:00,MSFT,470.58,472.86,467.50,472.18,556070
2026-09-04 10:00:00,MSFT,472.18,472.49,465.65,466.96,382040
2026-09-04 10:30:00,MSFT,466.96,468.64,465.86,467.45,387433
2026-09-04 11:00:00,MSFT,467.45,468.22,461.15,464.68,252259
2026-09-04 11:30:00,MSFT,464.68,468.58,463.49,465.46,155858
2026-09-04 12:00:00,MSFT,465.46,467.69,464.21,464.38,171486
2026-09-04 12:30:00,MSFT,464.38,470.73,463.24,468.42,204744
2026-09-04 13:00:00,MSFT,468.42,470.57,468.25,470.30,219129
2026-09-04 13:30:00,MSFT,470.30,475.39,467.34,474.42,329690
2026-09-04 14:00:00,MSFT,474.42,476.06,473.26,473.81,391251
2026-09-04 14:30:00,MSFT,473.81,477.66,473.30,476.29,425454
2026-09-04 15:00:00,MSFT,476.29,478.30,475.85,476.12,96331
2026-09-04 15:30:00,MSFT,476.12,479.78,473.85,478.99,764084
2026-09-04 16:00:00,MSFT,478.99,481.88,477.05,481.41,619429
2026-09-07 09:30:00,MSFT,480.60,483.86,478.76,482.04,1677598
2026-09-07 10:00:00,MSFT,482.04,482.53,477.62,479.89,725755
2026-09-07 10:30:00,MSFT,479.89,481.85,479.81,479.88,447934
2026-09-07 11:00:00,MSFT,479.88,484.66,478.20,482.87,192734
2026-09-07 11:30:00,MSFT,482.87,486.39,478.98,480.63,296957
2026-09-07 12:00:00,MSFT,480.63,482.35,478.48,479.19,303747
2026-09-07 12:30:00,MSFT,479.19,480.42,477.88,479.88,160026
2026-09-07 13:00:00,MSFT,479.88,481.81,478.17,478.82,306427
2026-09-07 13:30:00,MSFT,478.82,482.01,477.10,479.52,148217
2026-09-07 14:00:00,MSFT,479.52,480.37,474.81,476.33,144084
2026-09-07 14:30:00,MSFT,476.33,479.49,473.56,475.54,301740
2026-09-07 15:00:00,MSFT,475.54,480.63,473.11,478.46,264363
2026-09-07 15:30:00,MSFT,478.46,480.20,476.52,477.85,412246
2026-09-07 16:00:00,MSFT,477.85,478.94,474.15,476.91,1220831
2026-09-08 09:30:00,MSFT,482.25,484.94,481.95,483.95,1626430
2026-09-08 10:00:00,MSFT,483.95,490.25,483.40,486.83,893378
2026-09-08 10:30:00,MSFT,486.83,488.96,483.26,485.38,443578
2026-09-08 11:00:00,MSFT,485.38,485.51,481.83,483.00,448416
2026-09-08 11:30:00,MSFT,483.00,487.75,482.30,483.56,155105
2026-09-08 12:00:00,MSFT,483.56,486.74,482.80,485.01,154383
2026-09-08 12:30:00,MSFT,485.01,489.99,482.78,484.70,277234
2026-09-08 13:00:00,MSFT,484.70,488.08,483.88,486.58,274014
2026-09-08 13:30:00,MSFT,486.58,488.12,483.43,485.78,107582
2026-09-08 14:00:00,MSFT,485.78,487.53,481.99,484.58,106089
2026-09-08 14:30:00,MSFT,484.58,485.90,482.57,483.70,311758
2026-09-08 15:00:00,MSFT,483.70,484.81,480.53,481.19,348617
2026-09-08 15:30:00,MSFT,481.19,484.69,480.61,483.40,760271
2026-09-08 16:00:00,MSFT,483.40,489.00,483.13,487.41,912460
2026-09-09 09:30:00,MSFT,483.06,486.94,482.99,485.36,892989
2026-09-09 10:00:00,MSFT,485.36,489.11,485.13,485.95,771546
2026-09-09 10:30:00,MSFT,485.95,487.38,484.79,487.36,279338
2026-09-09 11:00:00,MSFT,487.36,487.64,482.97,485.56,265685
2026-09-09 11:30:00,MSFT,485.56,488.90,482.61,484.23,102178
2026-09-09 12:00:00,MSFT,484.23,485.04,480.19,481.61,305068
2026-09-09 12:30:00,MSFT,481.61,485.41,480.31,482.79,298991
2026-09-09 13:00:00,MSFT,482.79,484.63,481.11,482.22,404075
2026-09-09 13:30:00,MSFT,482.22,484.97,481.27,481.97,269715
2026-09-09 14:00:00,MSFT,481.97,488.32,481.87,486.42,354707
2026-09-09 14:30:00,MSFT,486.42,493.44,484.62,490.08,258002
2026-09-09 15:00:00,MSFT,490.08,494.24,487.71,491.01,358189
2026-09-09 15:30:00,MSFT,491.01,496.99,490.75,492.87,616346
2026-09-09 16:00:00,MSFT,492.87,496.72,488.27,488.92,665596
2026-09-10 09:30:00,MSFT,487.24,489.40,484.70,488.41,608027
2026-09-10 10:00:00,MSFT,488.41,489.84,482.89,485.78,768119
2026-09-10 10:30:00,MSFT,485.78,486.32,480.05,482.52,375956
2026-09-10 11:00:00,MSFT,482.52,485.92,476.45,480.70,249454
2026-09-10 11:30:00,MSFT,480.70,485.21,480.29,483.24,311844
2026-09-10 12:00:00,MSFT,483.24,486.41,480.80,484.15,390074
2026-09-10 12:30:00,MSFT,484.15,487.99,483.39,487.22,109826
2026-09-10 13:00:00,MSFT,487.22,491.10,486.09,490.05,417990
2026-09-10 13:30:00,MSFT,490.05,496.44,488.37,493.63,322594
2026-09-10 14:00:00,MSFT,493.63,497.76,489.32,491.59,101507
2026-09-10 14:30:00,MSFT,491.59,492.66,486.05,487.01,329366
2026-09-10 15:00:00,MSFT,487.01,491.73,485.14,485.18,316203
2026-09-10 15:30:00,MSFT,485.18,492.28,483.54,489.83,779057
2026-09-10 16:00:00,MSFT,489.83,493.81,489.41,493.48,1368045
2026-09-11 09:30:00,MSFT,499.01,500.42,497.76,498.92,1043270
2026-09-11 10:00:00,MSFT,498.92,501.07,495.15,495.42,911532
2026-09-11 10:30:00,MSFT,495.42,495.84,494.15,494.71,129548
2026-09-11 11:00:00,MSFT,494.71,495.38,492.25,492.30,395988
2026-09-11 11:30:00,MSFT,492.30,498.90,491.08,497.69,385523
2026-09-11 12:00:00,MSFT,497.69,501.35,493.61,494.64,427149
2026-09-11 12:30:00,MSFT,494.64,500.44,493.03,498.43,124417
2026-09-11 13:00:00,MSFT,498.43,500.17,496.64,497.55,431333
2026-09-11 13:30:00,MSFT,497.55,498.91,488.41,492.81,439354
2026-09-11 14:00:00,MSFT,492.81,494.37,491.73,493.93,89558
2026-09-11 14:30:00,MSFT,493.93,494.71,490.28,491.19,192298
2026-09-11 15:00:00,MSFT,491.19,493.89,485.68,488.78,161235
2026-09-11 15:30:00,MSFT,488.78,503.77,487.09,500.48,356053
2026-09-11 16:00:00,MSFT,500.48,500.60,496.98,497.15,1156246
2026-09-14 09:30:00,MSFT,492.06,496.69,491.16,494.84,829261
2026-09-14 10:00:00,MSFT,494.84,496.44,491.19,494.04,423580
2026-09-14 10:30:00,MSFT,494.04,494.60,491.99,493.99,312888
2026-09-14 11:00:00,MSFT,493.99,499.81,491.96,497.35,315367
2026-09-14 11:30:00,MSFT,497.35,499.06,494.07,497.65,181720
2026-09-14 12:00:00,MSFT,497.65,500.78,493.30,496.72,310999
2026-09-14 12:30:00,MSFT,496.72,497.09,492.94,494.66,164965
2026-09-14 13:00:00,MSFT,494.66,498.41,491.53,497.01,152560
2026-09-14 13:30:00,MSFT,497.01,498.18,495.18,497.73,133786
2026-09-14 14:00:00,MSFT,497.73,498.70,495.49,498.15,145367
2026-09-14 14:30:00,MSFT,498.15,501.33,496.64,497.23,157253
2026-09-14 15:00:00,MSFT,497.23,503.62,496.50,503.21,196411
2026-09-14 15:30:00,MSFT,503.21,509.35,501.39,505.65,665712
2026-09-14 16:00:00,MSFT,505.65,507.08,504.51,504.53,621139
2026-09-15 09:30:00,MSFT,504.03,507.97,502.47,504.60,1153154
2026-09-15 10:00:00,MSFT,504.60,506.11,503.76,505.09,395534
2026-09-15 10:30:00,MSFT,505.09,510.40,502.91,510.28,402619
2026-09-15 11:00:00,MSFT,510.28,511.55,510.14,511.52,367731
2026-09-15 11:30:00,MSFT,511.52,519.50,510.53,516.96,301907
2026-09-15 12:00:00,MSFT,516.96,519.92,516.76,518.86,300109
2026-09-15 12:30:00,MSFT,518.86,521.61,516.72,519.81,112929
2026-09-15 13:00:00,MSFT,519.81,527.48,519.51,524.67,350205
2026-09-15 13:30:00,MSFT,524.67,527.54,523.01,524.47,232710
2026-09-15 14:00:00,MSFT,524.47,525.67,520.86,520.98,428321
2026-09-15 14:30:00,MSFT,520.98,525.26,518.85,524.05,269060
2026-09-15 15:00:00,MSFT,524.05,528.38,518.04,527.36,370535
2026-09-15 15:30:00,MSFT,527.36,531.45,526.54,527.07,295649
2026-09-15 16:00:00,MSFT,527.07,531.37,521.79,521.80,591682
2026-09-16 09:30:00,MSFT,522.89,525.60,517.99,520.37,1147342
2026-09-16 10:00:00,MSFT,520.37,521.62,515.55,516.93,604992
2026-09-16 10:30:00,MSFT,516.93,518.86,516.52,517.72,444584
2026-09-16 11:00:00,MSFT,517.72,518.97,514.52,514.69,150701
2026-09-16 11:30:00,MSFT,514.69,520.65,513.10,519.31,102967
2026-09-16 12:00:00,MSFT,519.31,521.11,515.28,520.04,245463
2026-09-16 12:30:00,MSFT,520.04,524.28,517.54,523.29,212809
2026-09-16 13:00:00,MSFT,523.29,526.12,522.49,523.15,230004
2026-09-16 13:30:00,MSFT,523.15,525.90,518.93,520.13,145260
2026-09-16 14:00:00,MSFT,520.13,520.78,516.28,518.32,289726
2026-09-16 14:30:00,MSFT,518.32,522.55,514.10,518.17,340153
2026-09-16 15:00:00,MSFT,518.17,523.99,516.39,523.30,352250
2026-09-16 15:30:00,MSFT,523.30,524.13,521.38,523.28,439222
2026-09-16 16:00:00,MSFT,523.28,526.49,522.78,524.78,617916
2026-09-17 09:30:00,MSFT,523.22,528.49,522.16,525.46,799479
2026-09-17 10:00:00,MSFT,525.46,527.21,520.63,524.57,619685
2026-09-17 10:30:00,MSFT,524.57,527.84,523.14,526.21,415266
2026-09-17 11:00:00,MSFT,526.21,533.92,523.64,533.30,270479
2026-09-17 11:30:00,MSFT,533.30,538.72,533.02,535.30,163879
2026-09-17 12:00:00,MSFT,535.30,537.31,532.50,536.97,98244
2026-09-17 12:30:00,MSFT,536.97,538.03,532.79,533.86,418251
2026-09-17 13:00:00,MSFT,533.86,535.36,529.49,532.04,436024
2026-09-17 13:30:00,MSFT,532.04,533.92,529.90,530.51,312752
2026-09-17 14:00:00,MSFT,530.51,533.59,528.49,530.93,420556
2026-09-17 14:30:00,MSFT,530.93,531.86,525.38,530.49,93586
2026-09-17 15:00:00,MSFT,530.49,532.88,528.30,530.29,217246
2026-09-17 15:30:00,MSFT,530.29,533.34,527.14,532.84,474993
2026-09-17 16:00:00,MSFT,532.84,535.39,530.78,535.35,707189
2026-09-18 09:30:00,MSFT,532.87,534.35,531.36,533.74,634110
2026-09-18 10:00:00,MSFT,533.74,539.96,528.74,537.95,585112
2026-09-18 10:30:00,MSFT,537.95,540.78,534.14,535.76,237263
2026-09-18 11:00:00,MSFT,535.76,537.69,532.50,535.11,447116
2026-09-18 11:30:00,MSFT,535.11,537.90,530.79,531.83,185371
2026-09-18 12:00:00,MSFT,531.83,532.24,530.38,531.85,339009
2026-09-18 12:30:00,MSFT,531.85,536.05,529.34,535.62,369221
2026-09-18 13:00:00,MSFT,535.62,542.59,532.50,539.63,114470
2026-09-18 13:30:00,MSFT,539.63,547.28,534.98,535.47,294661
2026-09-18 14:00:00,MSFT,535.47,535.83,531.33,532.05,246213
2026-09-18 14:30:00,MSFT,532.05,533.80,529.35,530.15,369041
2026-09-18 15:00:00,MSFT,530.15,530.98,526.84,527.83,147650
2026-09-18 15:30:00,MSFT,527.83,529.67,521.15,522.12,410448
2026-09-18 16:00:00,MSFT,522.12,523.13,520.99,522.73,922845
2026-08-31 09:30:00,NVDA,123.85,128.03,122.72,126.54,975557
2026-08-31 10:00:00,NVDA,126.54,130.04,126.33,127.72,894274
2026-08-31 10:30:00,NVDA,127.72,130.84,127.48,129.69,168413
2026-08-31 11:00:00,NVDA,129.69,130.41,127.48,128.14,397267
2026-08-31 11:30:00,NVDA,128.14,131.09,126.23,129.90,101597
2026-08-31 12:00:00,NVDA,129.90,130.29,128.53,130.08,382394
2026-08-31 12:30:00,NVDA,130.08,130.74,129.39,130.68,379964
2026-08-31 13:00:00,NVDA,130.68,131.40,127.54,128.93,231871
2026-08-31 13:30:00,NVDA,128.93,129.51,128.27,128.98,208386
2026-08-31 14:00:00,NVDA,128.98,131.16,128.87,129.73,111411
2026-08-31 14:30:00,NVDA,129.73,130.86,128.86,130.29,323501
2026-08-31 15:00:00,NVDA,130.29,132.19,129.68,130.87,261073
2026-08-31 15:30:00,NVDA,130.87,133.55,130.79,133.01,638539
2026-08-31 16:00:00,NVDA,133.01,133.06,132.32,132.35,1392871
2026-09-01 09:30:00,NVDA,133.61,134.10,133.35,133.64,1740540
2026-09-01 10:00:00,NVDA,133.64,137.39,132.34,135.07,417457
2026-09-01 10:30:00,NVDA,135.07,138.70,134.95,136.44,163541
2026-09-01 11:00:00,NVDA,136.44,137.70,135.50,135.51,341493
2026-09-01 11:30:00,NVDA,135.51,137.65,134.63,136.80,319720
2026-09-01 12:00:00,NVDA,136.80,138.35,136.65,137.63,265018
2026-09-01 12:30:00,NVDA,137.63,139.09,135.96,138.83,432594
2026-09-01 13:00:00,NVDA,138.83,140.13,136.93,137.17,136359
2026-09-01 13:30:00,NVDA,137.17,138.09,134.11,134.36,271856
2026-09-01 14:00:00,NVDA,134.36,134.68,131.81,131.90,374553
2026-09-01 14:30:00,NVDA,131.90,133.77,130.82,132.55,368283
2026-09-01 15:00:00,NVDA,132.55,133.92,129.54,133.35,436724
2026-09-01 15:30:00,NVDA,133.35,133.70,131.98,132.79,605556
2026-09-01 16:00:00,NVDA,132.79,134.54,132.44,133.62,752550
2026-09-02 09:30:00,NVDA,134.57,136.59,134.57,136.27,737386
2026-09-02 10:00:00,NVDA,136.27,138.11,135.09,135.68,790546
2026-09-02 10:30:00,NVDA,135.68,137.22,133.74,135.60,247001
2026-09-02 11:00:00,NVDA,135.60,140.78,135.54,138.01,256356
2026-09-02 11:30:00,NVDA,138.01,139.28,136.70,136.76,336820
2026-09-02 12:00:00,NVDA,136.76,137.62,136.06,136.46,433268
2026-09-02 12:30:00,NVDA,136.46,137.30,134.48,135.17,241311
2026-09-02 13:00:00,NVDA,135.17,137.50,135.08,135.89,328821
2026-09-02 13:30:00,NVDA,135.89,136.04,134.08,135.60,383287
2026-09-02 14:00:00,NVDA,135.60,136.38,132.98,133.52,409790
2026-09-02 14:30:00,NVDA,133.52,133.84,131.36,133.10,279329
2026-09-02 15:00:00,NVDA,133.10,135.70,130.66,134.45,137616
2026-09-02 15:30:00,NVDA,134.45,135.60,133.41,135.19,689122
2026-09-02 16:00:00,NVDA,135.19,137.85,133.67,136.54,1439028
2026-09-03 09:30:00,NVDA,138.82,141.86,138.29,140.59,884827
2026-09-03 10:00:00,NVDA,140.59,144.51,139.16,140.94,751608
2026-09-03 10:30:00,NVDA,140.94,141.09,138.54,139.64,259477
2026-09-03 11:00:00,NVDA,139.64,144.25,139.18,142.67,436906
2026-09-03 11:30:00,NVDA,142.67,143.99,140.65,141.20,209247
2026-09-03 12:00:00,NVDA,141.20,141.37,139.68,140.58,236035
2026-09-03 12:30:00,NVDA,140.58,142.61,140.12,140.93,331555
2026-09-03 13:00:00,NVDA,140.93,142.40,137.26,139.29,223370
2026-09-03 13:30:00,NVDA,139.29,140.65,136.66,138.85,286848
2026-09-03 14:00:00,NVDA,138.85,139.96,135.61,138.01,156795
2026-09-03 14:30:00,NVDA,138.01,138.86,137.50,137.72,311932
2026-09-03 15:00:00,NVDA,137.72,138.70,134.94,136.39,192190
2026-09-03 15:30:00,NVDA,136.39,138.22,134.91,136.97,393941
2026-09-03 16:00:00,NVDA,136.97,138.31,134.96,136.05,951810
2026-09-04 09:30:00,NVDA,136.29,140.03,136.00,138.54,560081
2026-09-04 10:00:00,NVDA,138.54,140.24,136.95,139.67,394144
2026-09-04 10:30:00,NVDA,139.67,141.46,139.63,140.10,162806
2026-09-04 11:00:00,NVDA,140.10,141.49,136.25,137.12,184572
2026-09-04 11:30:00,NVDA,137.12,137.15,135.10,135.96,229639
2026-09-04 12:00:00,NVDA,135.96,137.77,132.86,134.00,360573
2026-09-04 12:30:00,NVDA,134.00,135.19,131.99,135.05,99555
2026-09-04 13:00:00,NVDA,135.05,136.21,134.57,135.87,99052
2026-09-04 13:30:00,NVDA,135.87,136.92,135.25,135.27,339723
2026-09-04 14:00:00,NVDA,135.27,137.87,134.67,136.26,99643
2026-09-04 14:30:00,NVDA,136.26,137.62,135.32,135.40,136256
2026-09-04 15:00:00,NVDA,135.40,137.05,133.97,136.64,354893
2026-09-04 15:30:00,NVDA,136.64,139.78,136.54,137.28,778705
2026-09-04 16:00:00,NVDA,137.28,137.42,135.86,136.34,1412413
2026-09-07 09:30:00,NVDA,137.34,138.69,134.98,135.93,1068710
2026-09-07 10:00:00,NVDA,135.93,137.69,135.20,136.08,434019
2026-09-07 10:30:00,NVDA,136.08,137.04,133.56,134.47,251928
2026-09-07 11:00:00,NVDA,134.47,136.70,133.67,135.37,176878
2026-09-07 11:30:00,NVDA,135.37,137.22,135.26,137.08,281103
2026-09-07 12:00:00,NVDA,137.08,137.24,135.28,137.04,252818
2026-09-07 12:30:00,NVDA,137.04,138.64,134.77,136.29,443210
2026-09-07 13:00:00,NVDA,136.29,136.60,134.74,136.47,324001
2026-09-07 13:30:00,NVDA,136.47,137.47,133.74,135.96,448866
2026-09-07 14:00:00,NVDA,135.96,136.16,134.35,135.94,414868
2026-09-07 14:30:00,NVDA,135.94,137.49,135.39,137.05,150028
2026-09-07 15:00:00,NVDA,137.05,138.20,136.22,136.38,397581
2026-09-07 15:30:00,NVDA,136.38,137.55,133.28,134.77,946353
2026-09-07 16:00:00,NVDA,134.77,135.57,131.95,133.50,1699513
2026-09-08 09:30:00,NVDA,134.25,135.77,133.31,133.84,613793
2026-09-08 10:00:00,NVDA,133.84,134.74,132.78,134.49,461976
2026-09-08 10:30:00,NVDA,134.49,135.02,131.46,131.71,252028
2026-09-08 11:00:00,NVDA,131.71,133.56,131.03,132.69,336286
2026-09-08 11:30:00,NVDA,132.69,133.72,129.97,130.62,109169
2026-09-08 12:00:00,NVDA,130.62,130.97,128.67,129.00,322419
2026-09-08 12:30:00,NVDA,129.00,129.56,128.25,129.16,91413
2026-09-08 13:00:00,NVDA,129.16,130.27,127.08,127.11,103744
2026-09-08 13:30:00,NVDA,127.11,128.46,124.61,125.30,363725
2026-09-08 14:00:00,NVDA,125.30,128.63,123.26,128.54,96638
2026-09-08 14:30:00,NVDA,128.54,130.10,127.93,129.95,151003
2026-09-08 15:00:00,NVDA,129.95,133.14,129.31,130.37,280529
2026-09-08 15:30:00,NVDA,130.37,132.49,128.50,129.21,645833
2026-09-08 16:00:00,NVDA,129.21,130.27,127.07,127.71,1179326
2026-09-09 09:30:00,NVDA,125.39,130.72,125.00,128.61,917015
2026-09-09 10:00:00,NVDA,128.61,129.95,127.18,129.10,562856
2026-09-09 10:30:00,NVDA,129.10,129.46,126.07,126.92,200410
2026-09-09 11:00:00,NVDA,126.92,127.58,126.02,127.57,224519
2026-09-09 11:30:00,NVDA,127.57,130.54,127.55,128.67,426133
2026-09-09 12:00:00,NVDA,128.67,130.15,127.52,128.34,88202
2026-09-09 12:30:00,NVDA,128.34,128.77,127.45,128.40,432333
2026-09-09 13:00:00,NVDA,128.40,128.49,127.27,127.57,103192
2026-09-09 13:30:00,NVDA,127.57,127.98,126.36,126.76,109592
2026-09-09 14:00:00,NVDA,126.76,131.52,124.37,129.51,202768
2026-09-09 14:30:00,NVDA,129.51,131.95,128.95,130.46,432600
2026-09-09 15:00:00,NVDA,130.46,132.55,129.79,132.24,155109
2026-09-09 15:30:00,NVDA,132.24,134.13,131.54,134.02,833761
2026-09-09 16:00:00,NVDA,134.02,136.68,133.34,134.66,817280
2026-09-10 09:30:00,NVDA,132.97,135.71,131.83,131.90,1799131
2026-09-10 10:00:00,NVDA,131.90,133.47,130.28,130.72,406466
2026-09-10 10:30:00,NVDA,130.72,132.30,130.11,132.10,362029
2026-09-10 11:00:00,NVDA,132.10,132.43,128.85,129.34,322758
2026-09-10 11:30:00,NVDA,129.34,132.60,128.69,131.48,298370
2026-09-10 12:00:00,NVDA,131.48,131.67,130.75,130.78,419060
2026-09-10 12:30:00,NVDA,130.78,132.76,130.26,131.78,274551
2026-09-10 13:00:00,NVDA,131.78,134.66,131.49,133.75,433198
2026-09-10 13:30:00,NVDA,133.75,135.09,133.57,134.86,118159
2026-09-10 14:00:00,NVDA,134.86,137.48,134.65,135.84,331340
2026-09-10 14:30:00,NVDA,135.84,136.42,131.81,133.98,238957
2026-09-10 15:00:00,NVDA,133.98,134.31,131.54,134.26,141507
2026-09-10 15:30:00,NVDA,134.26,134.29,131.12,132.83,504377
2026-09-10 16:00:00,NVDA,132.83,134.33,131.49,132.09,1124475
2026-09-11 09:30:00,NVDA,133.20,134.44,132.25,133.45,998534
2026-09-11 10:00:00,NVDA,133.45,134.80,131.55,133.19,738640
2026-09-11 10:30:00,NVDA,133.19,138.30,131.26,136.58,186497
2026-09-11 11:00:00,NVDA,136.58,137.91,135.79,137.16,374924
2026-09-11 11:30:00,NVDA,137.16,140.15,135.83,138.82,386200
2026-09-11 12:00:00,NVDA,138.82,140.02,138.29,139.04,159907
2026-09-11 12:30:00,NVDA,139.04,140.16,138.31,139.43,368695
2026-09-11 13:00:00,NVDA,139.43,140.35,137.63,138.97,214913
2026-09-11 13:30:00,NVDA,138.97,140.39,138.68,139.15,321607
2026-09-11 14:00:00,NVDA,139.15,140.09,135.07,136.70,168743
2026-09-11 14:30:00,NVDA,136.70,138.96,135.81,137.93,416492
2026-09-11 15:00:00,NVDA,137.93,142.14,137.59,140.87,118970
2026-09-11 15:30:00,NVDA,140.87,143.61,140.77,143.06,911338
2026-09-11 16:00:00,NVDA,143.06,143.26,139.77,141.47,469171
2026-09-14 09:30:00,NVDA,142.08,145.27,141.50,143.80,1742934
2026-09-14 10:00:00,NVDA,143.80,146.67,142.44,145.81,681319
2026-09-14 10:30:00,NVDA,145.81,147.41,145.71,146.03,224043
2026-09-14 11:00:00,NVDA,146.03,146.24,143.05,144.77,305744
2026-09-14 11:30:00,NVDA,144.77,145.62,142.47,144.76,136107
2026-09-14 12:00:00,NVDA,144.76,147.16,144.67,146.48,212339
2026-09-14 12:30:00,NVDA,146.48,149.11,145.66,148.75,288088
2026-09-14 13:00:00,NVDA,148.75,153.83,147.92,152.42,445552
2026-09-14 13:30:00,NVDA,152.42,153.04,150.66,152.77,122266
2026-09-14 14:00:00,NVDA,152.77,154.68,150.88,150.91,278843
2026-09-14 14:30:00,NVDA,150.91,151.86,149.29,150.21,413839
2026-09-14 15:00:00,NVDA,150.21,151.29,148.98,151.25,253681
2026-09-14 15:30:00,NVDA,151.25,153.39,150.32,151.28,349994
2026-09-14 16:00:00,NVDA,151.28,155.90,150.96,154.26,1638632
2026-09-15 09:30:00,NVDA,160.13,160.19,157.13,159.63,1588817
2026-09-15 10:00:00,NVDA,159.63,161.76,159.51,161.46,579761
2026-09-15 10:30:00,NVDA,161.46,162.78,160.04,162.70,288821
2026-09-15 11:00:00,NVDA,162.70,166.31,162.24,165.34,375676
2026-09-15 11:30:00,NVDA,165.34,167.99,163.26,165.58,253921
2026-09-15 12:00:00,NVDA,165.58,169.68,164.19,168.10,441397
2026-09-15 12:30:00,NVDA,168.10,169.61,167.36,167.78,309160
2026-09-15 13:00:00,NVDA,167.78,167.84,167.21,167.72,397282
2026-09-15 13:30:00,NVDA,167.72,171.50,165.95,168.30,95532
2026-09-15 14:00:00,NVDA,168.30,171.79,166.61,170.26,316218
2026-09-15 14:30:00,NVDA,170.26,170.33,167.25,168.54,436355
2026-09-15 15:00:00,NVDA,168.54,169.63,167.21,167.86,404332
2026-09-15 15:30:00,NVDA,167.86,168.79,166.59,167.50,648458
2026-09-15 16:00:00,NVDA,167.50,168.62,165.72,168.18,1267096
2026-09-16 09:30:00,NVDA,167.69,169.64,167.66,168.53,1204801
2026-09-16 10:00:00,NVDA,168.53,169.23,167.35,168.63,834041
2026-09-16 10:30:00,NVDA,168.63,170.95,168.18,169.69,93768
2026-09-16 11:00:00,NVDA,169.69,172.63,167.81,171.73,281975
2026-09-16 11:30:00,NVDA,171.73,173.09,169.77,169.87,124406
2026-09-16 12:00:00,NVDA,169.87,171.52,168.56,169.53,353208
2026-09-16 12:30:00,NVDA,169.53,170.15,168.38,169.50,152792
2026-09-16 13:00:00,NVDA,169.50,170.52,168.88,169.36,224683
2026-09-16 13:30:00,NVDA,169.36,171.62,168.65,170.29,120328
2026-09-16 14:00:00,NVDA,170.29,172.70,167.16,167.43,403312
2026-09-16 14:30:00,NVDA,167.43,167.64,164.77,165.34,239728
2026-09-16 15:00:00,NVDA,165.34,167.25,164.66,167.20,252774
2026-09-16 15:30:00,NVDA,167.20,168.47,165.23,165.73,932661
2026-09-16 16:00:00,NVDA,165.73,166.85,164.40,166.74,871216
2026-09-17 09:30:00,NVDA,173.25,173.36,171.18,172.11,1777292
2026-09-17 10:00:00,NVDA,172.11,174.87,172.01,173.13,504200
2026-09-17 10:30:00,NVDA,173.13,174.09,172.18,172.46,375620
2026-09-17 11:00:00,NVDA,172.46,173.88,166.44,170.73,174333
2026-09-17 11:30:00,NVDA,170.73,172.24,168.39,169.78,189916
2026-09-17 12:00:00,NVDA,169.78,170.78,168.80,169.21,443245
2026-09-17 12:30:00,NVDA,169.21,173.61,168.67,172.52,152969
2026-09-17 13:00:00,NVDA,172.52,173.18,169.11,169.83,425329
2026-09-17 13:30:00,NVDA,169.83,172.11,168.81,170.97,393489
2026-09-17 14:00:00,NVDA,170.97,173.77,170.80,172.44,345610
2026-09-17 14:30:00,NVDA,172.44,177.13,172.12,175.87,268496
2026-09-17 15:00:00,NVDA,175.87,176.91,173.51,176.17,391332
2026-09-17 15:30:00,NVDA,176.17,176.61,175.44,175.68,622253
2026-09-17 16:00:00,NVDA,175.68,176.61,171.32,172.91,1631158
2026-09-18 09:30:00,NVDA,177.55,179.40,175.93,177.28,1352730
2026-09-18 10:00:00,NVDA,177.28,178.40,176.88,178.01,835098
2026-09-18 10:30:00,NVDA,178.01,182.84,177.14,181.24,313716
2026-09-18 11:00:00,NVDA,181.24,182.35,178.80,179.71,159033
2026-09-18 11:30:00,NVDA,179.71,179.88,176.76,177.01,134813
2026-09-18 12:00:00,NVDA,177.01,179.95,173.62,175.81,154278
2026-09-18 12:30:00,NVDA,175.81,178.45,174.80,177.72,188458
2026-09-18 13:00:00,NVDA,177.72,177.89,174.19,175.96,317212
2026-09-18 13:30:00,NVDA,175.96,178.27,174.92,177.78,140337
2026-09-18 14:00:00,NVDA,177.78,179.77,175.88,179.59,207880
2026-09-18 14:30:00,NVDA,179.59,183.64,179.41,181.87,253533
2026-09-18 15:00:00,NVDA,181.87,183.17,177.05,177.21,176705
2026-09-18 15:30:00,NVDA,177.21,180.01,175.37,179.22,664798
2026-09-18 16:00:00,NVDA,179.22,182.28,178.62,181.93,1265447
2026-08-31 09:30:00,GOOGL,181.75,182.63,181.52,182.61,581205
2026-08-31 10:00:00,GOOGL,182.61,185.80,181.91,184.47,812968
2026-08-31 10:30:00,GOOGL,184.47,185.61,183.84,184.92,336630
2026-08-31 11:00:00,GOOGL,184.92,186.38,184.71,185.20,392984
2026-08-31 11:30:00,GOOGL,185.20,185.74,183.73,184.32,320050
2026-08-31 12:00:00,GOOGL,184.32,186.23,183.29,185.09,235946
2026-08-31 12:30:00,GOOGL,185.09,187.08,184.75,186.53,205080
2026-08-31 13:00:00,GOOGL,186.53,186.71,185.14,185.64,443560
2026-08-31 13:30:00,GOOGL,185.64,187.08,184.73,186.43,301794
2026-08-31 14:00:00,GOOGL,186.43,186.90,184.46,185.56,443558
2026-08-31 14:30:00,GOOGL,185.56,188.99,185.32,188.03,231432
2026-08-31 15:00:00,GOOGL,188.03,189.19,187.46,188.72,316454
2026-08-31 15:30:00,GOOGL,188.72,189.89,186.03,186.96,454607
2026-08-31 16:00:00,GOOGL,186.96,187.83,184.57,186.58,1509980
2026-09-01 09:30:00,GOOGL,185.53,186.86,184.49,184.56,1380824
2026-09-01 10:00:00,GOOGL,184.56,184.58,182.71,184.10,556278
2026-09-01 10:30:00,GOOGL,184.10,185.12,183.98,184.53,231346
2026-09-01 11:00:00,GOOGL,184.53,186.03,184.46,185.22,368214
2026-09-01 11:30:00,GOOGL,185.22,186.32,183.14,183.21,220450
2026-09-01 12:00:00,GOOGL,183.21,185.14,182.17,183.60,101815
2026-09-01 12:30:00,GOOGL,183.60,185.34,182.70,185.28,194578
2026-09-01 13:00:00,GOOGL,185.28,185.91,184.60,185.88,236085
2026-09-01 13:30:00,GOOGL,185.88,186.03,184.00,184.15,217790
2026-09-01 14:00:00,GOOGL,184.15,185.41,180.44,182.91,204227
2026-09-01 14:30:00,GOOGL,182.91,184.71,181.59,184.37,441304
2026-09-01 15:00:00,GOOGL,184.37,185.44,182.95,183.29,152999
2026-09-01 15:30:00,GOOGL,183.29,183.62,181.30,182.79,312241
2026-09-01 16:00:00,GOOGL,182.79,183.23,181.09,181.50,1063699
2026-09-02 09:30:00,GOOGL,180.94,181.57,179.24,180.74,649701
2026-09-02 10:00:00,GOOGL,180.74,181.64,177.10,178.12,681589
2026-09-02 10:30:00,GOOGL,178.12,182.58,177.84,181.32,149568
2026-09-02 11:00:00,GOOGL,181.32,181.32,179.60,180.90,209789
2026-09-02 11:30:00,GOOGL,180.90,182.29,179.82,181.06,220885
2026-09-02 12:00:00,GOOGL,181.06,181.76,180.49,181.20,119592
2026-09-02 12:30:00,GOOGL,181.20,182.46,178.80,179.62,225870
2026-09-02 13:00:00,GOOGL,179.62,181.00,178.05,180.43,318391
2026-09-02 13:30:00,GOOGL,180.43,181.69,179.01,181.46,128833
2026-09-02 14:00:00,GOOGL,181.46,181.64,180.55,181.53,428202
2026-09-02 14:30:00,GOOGL,181.53,183.05,180.59,180.82,305256
2026-09-02 15:00:00,GOOGL,180.82,181.26,178.87,179.72,249274
2026-09-02 15:30:00,GOOGL,179.72,180.92,178.79,180.26,758913
2026-09-02 16:00:00,GOOGL,180.26,180.67,177.90,179.58,551521
2026-09-03 09:30:00,GOOGL,182.18,182.77,182.05,182.69,781315
2026-09-03 10:00:00,GOOGL,182.69,182.70,182.15,182.69,388320
2026-09-03 10:30:00,GOOGL,182.69,183.21,182.05,182.52,223665
2026-09-03 11:00:00,GOOGL,182.52,183.93,181.45,183.49,420216
2026-09-03 11:30:00,GOOGL,183.49,184.83,182.77,184.40,240174
2026-09-03 12:00:00,GOOGL,184.40,185.79,183.80,184.13,129903
2026-09-03 12:30:00,GOOGL,184.13,185.34,184.12,184.39,149572
2026-09-03 13:00:00,GOOGL,184.39,184.95,183.12,183.22,260131
2026-09-03 13:30:00,GOOGL,183.22,184.33,180.95,183.31,301414
2026-09-03 14:00:00,GOOGL,183.31,184.20,182.83,182.88,133701
2026-09-03 14:30:00,GOOGL,182.88,184.07,182.40,183.43,236895
2026-09-03 15:00:00,GOOGL,183.43,185.90,183.42,184.80,435014
2026-09-03 15:30:00,GOOGL,184.80,185.44,183.38,184.19,258886
2026-09-03 16:00:00,GOOGL,184.19,184.51,183.34,183.68,767454
2026-09-04 09:30:00,GOOGL,184.84,186.90,184.29,186.33,660690
2026-09-04 10:00:00,GOOGL,186.33,186.95,186.00,186.67,652686
2026-09-04 10:30:00,GOOGL,186.67,187.39,185.78,185.94,417966
2026-09-04 11:00:00,GOOGL,185.94,186.87,184.56,185.10,394576
2026-09-04 11:30:00,GOOGL,185.10,185.78,184.78,184.96,425194
2026-09-04 12:00:00,GOOGL,184.96,185.37,184.50,184.90,398204
2026-09-04 12:30:00,GOOGL,184.90,184.98,182.87,182.95,205483
2026-09-04 13:00:00,GOOGL,182.95,183.78,182.94,183.37,341925
2026-09-04 13:30:00,GOOGL,183.37,183.61,183.01,183.11,269319
2026-09-04 14:00:00,GOOGL,183.11,183.52,182.85,183.03,377995
2026-09-04 14:30:00,GOOGL,183.03,183.53,181.31,181.75,118268
2026-09-04 15:00:00,GOOGL,181.75,183.28,181.72,182.97,217460
2026-09-04 15:30:00,GOOGL,182.97,185.43,182.17,183.58,550404
2026-09-04 16:00:00,GOOGL,183.58,184.26,182.53,183.24,1321224
2026-09-07 09:30:00,GOOGL,181.62,182.86,180.82,182.21,770194
2026-09-07 10:00:00,GOOGL,182.21,182.91,181.51,182.07,412924
2026-09-07 10:30:00,GOOGL,182.07,182.87,181.86,182.05,412552
2026-09-07 11:00:00,GOOGL,182.05,183.43,181.61,182.23,309368
2026-09-07 11:30:00,GOOGL,182.23,182.43,179.88,181.47,110359
2026-09-07 12:00:00,GOOGL,181.47,183.48,180.62,181.60,108850
2026-09-07 12:30:00,GOOGL,181.60,183.22,180.33,182.72,172089
2026-09-07 13:00:00,GOOGL,182.72,185.02,182.57,184.12,261773
2026-09-07 13:30:00,GOOGL,184.12,185.57,183.26,183.47,215920
2026-09-07 14:00:00,GOOGL,183.47,184.20,183.34,183.82,141895
2026-09-07 14:30:00,GOOGL,183.82,183.85,182.73,182.93,305089
2026-09-07 15:00:00,GOOGL,182.93,183.23,182.65,182.91,120406
2026-09-07 15:30:00,GOOGL,182.91,183.90,181.41,181.43,308132
2026-09-07 16:00:00,GOOGL,181.43,181.43,179.52,179.94,665807
2026-09-08 09:30:00,GOOGL,181.09,183.29,180.08,182.52,455386
2026-09-08 10:00:00,GOOGL,182.52,185.45,182.07,183.85,506430
2026-09-08 10:30:00,GOOGL,183.85,185.21,183.39,184.98,98540
2026-09-08 11:00:00,GOOGL,184.98,186.74,184.04,184.65,423777
2026-09-08 11:30:00,GOOGL,184.65,185.01,182.61,183.76,222217
2026-09-08 12:00:00,GOOGL,183.76,185.25,182.79,184.75,142600
2026-09-08 12:30:00,GOOGL,184.75,184.77,181.56,182.20,104079
2026-09-08 13:00:00,GOOGL,182.20,184.47,182.11,184.17,323843
2026-09-08 13:30:00,GOOGL,184.17,186.67,184.04,185.58,319466
2026-09-08 14:00:00,GOOGL,185.58,186.66,185.55,186.09,375597
2026-09-08 14:30:00,GOOGL,186.09,187.91,186.05,186.55,338663
2026-09-08 15:00:00,GOOGL,186.55,189.23,186.53,187.75,366554
2026-09-08 15:30:00,GOOGL,187.75,188.49,186.87,187.85,494315
2026-09-08 16:00:00,GOOGL,187.85,189.11,187.54,187.94,470121
2026-09-09 09:30:00,GOOGL,188.13,189.07,186.74,188.15,1094896
2026-09-09 10:00:00,GOOGL,188.15,190.02,188.08,189.38,312804
2026-09-09 10:30:00,GOOGL,189.38,191.32,189.30,190.85,226709
2026-09-09 11:00:00,GOOGL,190.85,194.31,190.01,193.22,447445
2026-09-09 11:30:00,GOOGL,193.22,193.99,191.75,192.34,124513
2026-09-09 12:00:00,GOOGL,192.34,192.84,190.51,191.08,390323
2026-09-09 12:30:00,GOOGL,191.08,191.93,189.79,190.17,148528
2026-09-09 13:00:00,GOOGL,190.17,190.96,189.55,190.29,447382
2026-09-09 13:30:00,GOOGL,190.29,192.75,189.62,192.37,317375
2026-09-09 14:00:00,GOOGL,192.37,192.71,191.89,192.34,386555
2026-09-09 14:30:00,GOOGL,192.34,194.78,192.08,194.46,315702
2026-09-09 15:00:00,GOOGL,194.46,194.65,191.02,193.24,188861
2026-09-09 15:30:00,GOOGL,193.24,194.18,192.26,192.55,375738
2026-09-09 16:00:00,GOOGL,192.55,195.36,192.09,194.50,1715217
2026-09-10 09:30:00,GOOGL,197.58,200.41,197.39,199.98,970552
2026-09-10 10:00:00,GOOGL,199.98,201.42,199.80,200.52,301328
2026-09-10 10:30:00,GOOGL,200.52,201.16,199.88,200.11,292017
2026-09-10 11:00:00,GOOGL,200.11,200.84,199.19,200.13,368421
2026-09-10 11:30:00,GOOGL,200.13,201.18,199.96,200.17,86268
2026-09-10 12:00:00,GOOGL,200.17,201.64,198.94,199.54,196543
2026-09-10 12:30:00,GOOGL,199.54,202.48,198.65,201.23,418000
2026-09-10 13:00:00,GOOGL,201.23,203.66,200.62,202.60,119314
2026-09-10 13:30:00,GOOGL,202.60,203.17,201.78,203.12,147523
2026-09-10 14:00:00,GOOGL,203.12,204.62,201.37,202.34,253827
2026-09-10 14:30:00,GOOGL,202.34,206.19,200.35,204.64,307098
2026-09-10 15:00:00,GOOGL,204.64,206.04,203.80,205.63,95457
2026-09-10 15:30:00,GOOGL,205.63,206.29,203.39,204.63,538339
2026-09-10 16:00:00,GOOGL,204.63,207.34,202.73,206.98,522665
2026-09-11 09:30:00,GOOGL,204.84,205.49,202.79,203.66,1604877
2026-09-11 10:00:00,GOOGL,203.66,203.71,202.43,203.14,923870
2026-09-11 10:30:00,GOOGL,203.14,204.95,202.39,204.10,410696
2026-09-11 11:00:00,GOOGL,204.10,205.84,203.20,205.80,268278
2026-09-11 11:30:00,GOOGL,205.80,207.62,205.59,206.00,260372
2026-09-11 12:00:00,GOOGL,206.00,207.97,205.55,207.39,247183
2026-09-11 12:30:00,GOOGL,207.39,208.17,207.26,207.98,227289
2026-09-11 13:00:00,GOOGL,207.98,212.99,206.39,211.92,202034
2026-09-11 13:30:00,GOOGL,211.92,212.36,211.46,211.53,424386
2026-09-11 14:00:00,GOOGL,211.53,212.86,211.13,211.67,195034
2026-09-11 14:30:00,GOOGL,211.67,214.11,208.30,209.54,283645
2026-09-11 15:00:00,GOOGL,209.54,210.98,207.66,207.99,390650
2026-09-11 15:30:00,GOOGL,207.99,208.63,205.93,207.34,626211
2026-09-11 16:00:00,GOOGL,207.34,207.78,206.64,207.66,1631968
2026-09-14 09:30:00,GOOGL,202.77,206.59,201.90,204.82,1482274
2026-09-14 10:00:00,GOOGL,204.82,205.38,202.63,202.78,289807
2026-09-14 10:30:00,GOOGL,202.78,203.99,202.56,203.63,80358
2026-09-14 11:00:00,GOOGL,203.63,205.89,202.52,205.26,148414
2026-09-14 11:30:00,GOOGL,205.26,205.75,204.24,204.85,111224
2026-09-14 12:00:00,GOOGL,204.85,206.08,202.18,202.35,154266
2026-09-14 12:30:00,GOOGL,202.35,204.55,200.85,202.78,275869
2026-09-14 13:00:00,GOOGL,202.78,203.16,198.96,200.25,387241
2026-09-14 13:30:00,GOOGL,200.25,201.64,199.90,201.18,309044
2026-09-14 14:00:00,GOOGL,201.18,202.41,198.93,201.80,420357
2026-09-14 14:30:00,GOOGL,201.80,203.11,199.22,201.00,401760
2026-09-14 15:00:00,GOOGL,201.00,201.15,199.37,200.00,388779
2026-09-14 15:30:00,GOOGL,200.00,201.36,199.92,200.54,436340
2026-09-14 16:00:00,GOOGL,200.54,200.84,197.31,199.50,1651321
2026-09-15 09:30:00,GOOGL,194.42,197.24,194.37,197.02,1713300
2026-09-15 10:00:00,GOOGL,197.02,198.50,195.11,196.09,359167
2026-09-15 10:30:00,GOOGL,196.09,196.54,194.77,194.96,120793
2026-09-15 11:00:00,GOOGL,194.96,197.79,194.05,195.27,126517
2026-09-15 11:30:00,GOOGL,195.27,198.19,194.08,197.61,256029
2026-09-15 12:00:00,GOOGL,197.61,197.84,196.70,196.70,214562
2026-09-15 12:30:00,GOOGL,196.70,197.55,195.31,197.22,105243
2026-09-15 13:00:00,GOOGL,197.22,198.18,193.87,195.69,338516
2026-09-15 13:30:00,GOOGL,195.69,196.30,194.66,195.22,276790
2026-09-15 14:00:00,GOOGL,195.22,197.03,194.37,196.42,440269
2026-09-15 14:30:00,GOOGL,196.42,196.57,194.10,195.06,97517
2026-09-15 15:00:00,GOOGL,195.06,195.81,194.46,194.79,169184
2026-09-15 15:30:00,GOOGL,194.79,195.19,194.34,194.68,328645
2026-09-15 16:00:00,GOOGL,194.68,195.23,191.15,192.13,1736906
2026-09-16 09:30:00,GOOGL,193.71,196.15,192.54,195.29,1723637
2026-09-16 10:00:00,GOOGL,195.29,196.50,194.96,196.10,356176
2026-09-16 10:30:00,GOOGL,196.10,198.21,193.51,194.46,363181
2026-09-16 11:00:00,GOOGL,194.46,195.44,193.74,195.37,204543
2026-09-16 11:30:00,GOOGL,195.37,196.96,194.39,196.45,108576
2026-09-16 12:00:00,GOOGL,196.45,197.06,195.31,196.03,234428
2026-09-16 12:30:00,GOOGL,196.03,197.99,195.63,196.87,188502
2026-09-16 13:00:00,GOOGL,196.87,197.34,196.22,196.98,122958
2026-09-16 13:30:00,GOOGL,196.98,197.05,196.17,196.39,426575
2026-09-16 14:00:00,GOOGL,196.39,196.51,193.75,195.02,283175
2026-09-16 14:30:00,GOOGL,195.02,197.81,194.36,196.11,218042
2026-09-16 15:00:00,GOOGL,196.11,197.81,195.85,197.16,220803
2026-09-16 15:30:00,GOOGL,197.16,197.36,196.39,196.52,610491
2026-09-16 16:00:00,GOOGL,196.52,196.85,195.16,196.02,1686745
2026-09-17 09:30:00,GOOGL,196.22,197.54,195.51,196.71,1573055
2026-09-17 10:00:00,GOOGL,196.71,198.65,195.00,195.59,563369
2026-09-17 10:30:00,GOOGL,195.59,197.28,194.31,195.22,98207
2026-09-17 11:00:00,GOOGL,195.22,195.25,192.12,192.53,405201
2026-09-17 11:30:00,GOOGL,192.53,193.81,189.09,190.78,315426
2026-09-17 12:00:00,GOOGL,190.78,194.71,189.23,192.48,146157
2026-09-17 12:30:00,GOOGL,192.48,192.82,192.03,192.12,438154
2026-09-17 13:00:00,GOOGL,192.12,193.31,187.09,188.22,215206
2026-09-17 13:30:00,GOOGL,188.22,188.81,185.36,186.60,115133
2026-09-17 14:00:00,GOOGL,186.60,188.53,185.02,187.96,352466
2026-09-17 14:30:00,GOOGL,187.96,189.64,186.77,187.22,447217
2026-09-17 15:00:00,GOOGL,187.22,187.94,185.43,186.20,157699
2026-09-17 15:30:00,GOOGL,186.20,187.87,185.74,186.84,355071
2026-09-17 16:00:00,GOOGL,186.84,188.77,186.28,188.27,1573304
2026-09-18 09:30:00,GOOGL,189.32,192.42,189.21,191.20,1649619
2026-09-18 10:00:00,GOOGL,191.20,193.23,191.05,193.04,538792
2026-09-18 10:30:00,GOOGL,193.04,193.74,191.28,191.65,287509
2026-09-18 11:00:00,GOOGL,191.65,192.25,190.04,190.54,204559
2026-09-18 11:30:00,GOOGL,190.54,192.22,190.44,191.92,257139
2026-09-18 12:00:00,GOOGL,191.92,193.46,191.24,193.15,226982
2026-09-18 12:30:00,GOOGL,193.15,196.02,192.21,194.56,199515
2026-09-18 13:00:00,GOOGL,194.56,196.15,189.73,191.49,312317
2026-09-18 13:30:00,GOOGL,191.49,192.45,191.33,191.69,126812
2026-09-18 14:00:00,GOOGL,191.69,191.92,189.50,190.05,293474
2026-09-18 14:30:00,GOOGL,190.05,191.51,188.89,189.97,350149
2026-09-18 15:00:00,GOOGL,189.97,190.05,188.00,188.31,345706
2026-09-18 15:30:00,GOOGL,188.31,189.16,185.51,186.60,432176
2026-09-18 16:00:00,GOOGL,186.60,187.17,184.90,186.40,570853
2026-08-31 09:30:00,AMZN,185.85,188.77,185.10,187.43,1024572
2026-08-31 10:00:00,AMZN,187.43,188.24,184.63,186.40,282047
2026-08-31 10:30:00,AMZN,186.40,188.41,185.27,188.35,313886
2026-08-31 11:00:00,AMZN,188.35,191.45,187.57,189.64,165728
2026-08-31 11:30:00,AMZN,189.64,190.04,188.34,188.99,441156
2026-08-31 12:00:00,AMZN,188.99,189.44,187.14,189.31,192364
2026-08-31 12:30:00,AMZN,189.31,191.10,188.19,190.20,435307
2026-08-31 13:00:00,AMZN,190.20,192.19,188.21,190.79,437669
2026-08-31 13:30:00,AMZN,190.79,192.99,190.47,190.59,419409
2026-08-31 14:00:00,AMZN,190.59,193.42,190.37,191.82,240148
2026-08-31 14:30:00,AMZN,191.82,194.17,190.28,193.80,224377
2026-08-31 15:00:00,AMZN,193.80,194.26,192.13,192.58,324684
2026-08-31 15:30:00,AMZN,192.58,193.91,191.42,193.51,903898
2026-08-31 16:00:00,AMZN,193.51,193.79,191.52,193.01,1234816
2026-09-01 09:30:00,AMZN,192.86,193.37,190.79,191.10,1460278
2026-09-01 10:00:00,AMZN,191.10,196.06,189.93,193.27,921712
2026-09-01 10:30:00,AMZN,193.27,194.00,191.39,192.78,421556
2026-09-01 11:00:00,AMZN,192.78,192.95,189.32,189.86,205987
2026-09-01 11:30:00,AMZN,189.86,193.05,189.42,191.98,426308
2026-09-01 12:00:00,AMZN,191.98,192.21,189.67,190.17,93345
2026-09-01 12:30:00,AMZN,190.17,193.03,187.39,187.45,283567
2026-09-01 13:00:00,AMZN,187.45,189.06,186.15,188.95,379914
2026-09-01 13:30:00,AMZN,188.95,190.34,188.61,189.51,414660
2026-09-01 14:00:00,AMZN,189.51,189.98,185.35,187.44,432252
2026-09-01 14:30:00,AMZN,187.44,188.09,186.04,186.73,372682
2026-09-01 15:00:00,AMZN,186.73,188.75,186.33,188.56,147079
2026-09-01 15:30:00,AMZN,188.56,190.15,186.43,188.47,601936
2026-09-01 16:00:00,AMZN,188.47,188.87,186.80,187.38,918352
2026-09-02 09:30:00,AMZN,187.40,187.61,185.39,186.24,996432
2026-09-02 10:00:00,AMZN,186.24,186.80,184.70,184.94,915213
2026-09-02 10:30:00,AMZN,184.94,187.31,183.77,185.29,117337
2026-09-02 11:00:00,AMZN,185.29,185.40,183.36,184.43,357787
2026-09-02 11:30:00,AMZN,184.43,186.00,184.12,185.90,159051
2026-09-02 12:00:00,AMZN,185.90,187.04,184.83,186.54,319899
2026-09-02 12:30:00,AMZN,186.54,188.78,185.01,187.56,174558
2026-09-02 13:00:00,AMZN,187.56,189.01,187.14,187.89,412660
2026-09-02 13:30:00,AMZN,187.89,188.90,186.90,187.28,189776
2026-09-02 14:00:00,AMZN,187.28,187.98,187.18,187.38,126159
2026-09-02 14:30:00,AMZN,187.38,188.10,185.03,185.79,305134
2026-09-02 15:00:00,AMZN,185.79,187.23,182.66,182.86,184550
2026-09-02 15:30:00,AMZN,182.86,183.44,180.53,183.15,587864
2026-09-02 16:00:00,AMZN,183.15,184.44,183.06,183.26,971819
2026-09-03 09:30:00,AMZN,183.37,185.78,183.20,183.83,1505573
2026-09-03 10:00:00,AMZN,183.83,184.96,183.52,184.46,297939
2026-09-03 10:30:00,AMZN,184.46,185.23,183.97,184.15,257122
2026-09-03 11:00:00,AMZN,184.15,185.50,181.75,182.34,150144
2026-09-03 11:30:00,AMZN,182.34,184.06,180.37,180.76,291493
2026-09-03 12:00:00,AMZN,180.76,182.14,180.68,181.47,148789
2026-09-03 12:30:00,AMZN,181.47,181.77,180.98,181.58,421070
2026-09-03 13:00:00,AMZN,181.58,181.84,180.69,181.60,415712
2026-09-03 13:30:00,AMZN,181.60,182.78,178.64,181.58,427062
2026-09-03 14:00:00,AMZN,181.58,184.36,180.44,182.94,105289
2026-09-03 14:30:00,AMZN,182.94,183.87,181.57,182.45,328720
2026-09-03 15:00:00,AMZN,182.45,183.85,181.83,183.66,439525
2026-09-03 15:30:00,AMZN,183.66,184.26,182.15,182.90,533091
2026-09-03 16:00:00,AMZN,182.90,183.97,180.19,181.22,1328341
2026-09-04 09:30:00,AMZN,181.81,181.90,180.81,181.28,689101
2026-09-04 10:00:00,AMZN,181.28,182.75,180.00,181.66,798558
2026-09-04 10:30:00,AMZN,181.66,182.54,180.05,180.20,294830
2026-09-04 11:00:00,AMZN,180.20,180.46,179.48,180.13,332006
2026-09-04 11:30:00,AMZN,180.13,180.22,180.07,180.19,432129
2026-09-04 12:00:00,AMZN,180.19,181.02,179.20,180.78,127229
2026-09-04 12:30:00,AMZN,180.78,180.85,179.74,180.11,133105
2026-09-04 13:00:00,AMZN,180.11,182.52,177.60,181.75,218477
2026-09-04 13:30:00,AMZN,181.75,183.22,181.65,182.79,171594
2026-09-04 14:00:00,AMZN,182.79,186.06,181.87,184.71,303344
2026-09-04 14:30:00,AMZN,184.71,186.38,184.28,186.35,104059
2026-09-04 15:00:00,AMZN,186.35,187.18,185.82,187.15,309488
2026-09-04 15:30:00,AMZN,187.15,187.90,185.97,186.19,347466
2026-09-04 16:00:00,AMZN,186.19,186.83,184.60,185.34,1407431
2026-09-07 09:30:00,AMZN,186.91,187.87,185.72,186.76,799760
2026-09-07 10:00:00,AMZN,186.76,187.91,183.79,184.77,311495
2026-09-07 10:30:00,AMZN,184.77,187.68,183.07,187.46,333060
2026-09-07 11:00:00,AMZN,187.46,189.85,186.06,189.37,175032
2026-09-07 11:30:00,AMZN,189.37,190.48,186.02,187.52,148501
2026-09-07 12:00:00,AMZN,187.52,188.65,185.63,185.75,295631
2026-09-07 12:30:00,AMZN,185.75,185.88,185.23,185.32,435429
2026-09-07 13:00:00,AMZN,185.32,186.91,184.93,185.18,376229
2026-09-07 13:30:00,AMZN,185.18,188.18,184.36,185.78,440836
2026-09-07 14:00:00,AMZN,185.78,185.91,184.20,184.61,426928
2026-09-07 14:30:00,AMZN,184.61,185.71,183.69,184.41,157937
2026-09-07 15:00:00,AMZN,184.41,185.07,181.71,182.75,401343
2026-09-07 15:30:00,AMZN,182.75,185.11,181.72,184.64,769920
2026-09-07 16:00:00,AMZN,184.64,187.18,184.36,186.92,1481060
2026-09-08 09:30:00,AMZN,186.15,187.53,185.01,187.32,1604472
2026-09-08 10:00:00,AMZN,187.32,188.10,186.37,186.47,850870
2026-09-08 10:30:00,AMZN,186.47,189.89,185.85,188.05,314392
2026-09-08 11:00:00,AMZN,188.05,190.59,186.48,186.49,291518
2026-09-08 11:30:00,AMZN,186.49,187.55,185.61,186.26,80088
2026-09-08 12:00:00,AMZN,186.26,188.98,184.90,187.43,346515
2026-09-08 12:30:00,AMZN,187.43,188.76,186.46,187.01,319184
2026-09-08 13:00:00,AMZN,187.01,188.61,186.35,188.32,318267
2026-09-08 13:30:00,AMZN,188.32,189.52,186.85,188.69,394547
2026-09-08 14:00:00,AMZN,188.69,188.93,186.59,186.69,425458
2026-09-08 14:30:00,AMZN,186.69,186.85,185.17,186.05,412220
2026-09-08 15:00:00,AMZN,186.05,187.40,184.54,187.22,104000
2026-09-08 15:30:00,AMZN,187.22,188.13,186.27,186.96,679088
2026-09-08 16:00:00,AMZN,186.96,189.35,186.09,188.50,1273963
2026-09-09 09:30:00,AMZN,193.42,195.90,193.08,194.04,1319207
2026-09-09 10:00:00,AMZN,194.04,196.70,193.62,195.31,867413
2026-09-09 10:30:00,AMZN,195.31,199.09,193.99,197.56,344344
2026-09-09 11:00:00,AMZN,197.56,198.93,196.65,198.12,358063
2026-09-09 11:30:00,AMZN,198.12,199.44,196.74,198.00,346512
2026-09-09 12:00:00,AMZN,198.00,199.29,195.76,198.85,442711
2026-09-09 12:30:00,AMZN,198.85,199.65,196.05,196.76,394859
2026-09-09 13:00:00,AMZN,196.76,198.57,196.20,197.85,281674
2026-09-09 13:30:00,AMZN,197.85,198.55,195.85,196.12,288598
2026-09-09 14:00:00,AMZN,196.12,198.78,194.50,195.12,317421
2026-09-09 14:30:00,AMZN,195.12,195.96,193.41,195.43,348589
2026-09-09 15:00:00,AMZN,195.43,195.91,192.12,193.63,244579
2026-09-09 15:30:00,AMZN,193.63,195.94,192.40,192.86,904487
2026-09-09 16:00:00,AMZN,192.86,193.20,190.68,192.18,728232
2026-09-10 09:30:00,AMZN,195.60,196.77,195.08,195.39,1785628
2026-09-10 10:00:00,AMZN,195.39,195.85,194.41,195.11,848357
2026-09-10 10:30:00,AMZN,195.11,198.01,194.54,196.49,433497
2026-09-10 11:00:00,AMZN,196.49,198.47,196.04,196.49,86695
2026-09-10 11:30:00,AMZN,196.49,199.54,196.46,199.31,156193
2026-09-10 12:00:00,AMZN,199.31,199.95,199.11,199.83,230269
2026-09-10 12:30:00,AMZN,199.83,202.72,199.29,202.48,112523
2026-09-10 13:00:00,AMZN,202.48,203.31,202.05,202.06,317289
2026-09-10 13:30:00,AMZN,202.06,203.77,200.43,201.71,374589
2026-09-10 14:00:00,AMZN,201.71,204.72,200.99,203.40,444971
2026-09-10 14:30:00,AMZN,203.40,203.77,201.49,203.02,280059
2026-09-10 15:00:00,AMZN,203.02,204.75,199.26,200.16,369472
2026-09-10 15:30:00,AMZN,200.16,201.80,199.43,200.00,462952
2026-09-10 16:00:00,AMZN,200.00,201.26,196.80,198.14,1779150
2026-09-11 09:30:00,AMZN,194.98,196.40,194.38,194.42,1715394
2026-09-11 10:00:00,AMZN,194.42,194.96,191.10,192.63,452897
2026-09-11 10:30:00,AMZN,192.63,193.24,192.15,192.42,171118
2026-09-11 11:00:00,AMZN,192.42,192.47,191.11,191.61,101304
2026-09-11 11:30:00,AMZN,191.61,192.17,189.10,190.00,213701
2026-09-11 12:00:00,AMZN,190.00,192.54,189.96,191.41,161162
2026-09-11 12:30:00,AMZN,191.41,195.22,189.99,194.64,407872
2026-09-11 13:00:00,AMZN,194.64,195.77,192.25,193.24,337189
2026-09-11 13:30:00,AMZN,193.24,194.98,191.81,193.73,355458
2026-09-11 14:00:00,AMZN,193.73,194.90,193.09,194.78,115744
2026-09-11 14:30:00,AMZN,194.78,195.60,193.78,195.01,263187
2026-09-11 15:00:00,AMZN,195.01,195.14,193.95,194.65,254002
2026-09-11 15:30:00,AMZN,194.65,195.39,192.75,194.10,747923
2026-09-11 16:00:00,AMZN,194.10,196.00,193.48,193.52,468462
2026-09-14 09:30:00,AMZN,195.22,196.24,193.76,196.15,1752607
2026-09-14 10:00:00,AMZN,196.15,196.50,195.39,196.21,368881
2026-09-14 10:30:00,AMZN,196.21,197.18,194.46,195.30,228283
2026-09-14 11:00:00,AMZN,195.30,197.27,195.14,197.08,346723
2026-09-14 11:30:00,AMZN,197.08,197.37,195.26,195.36,421588
2026-09-14 12:00:00,AMZN,195.36,197.18,194.77,196.02,362053
2026-09-14 12:30:00,AMZN,196.02,197.43,195.47,195.77,190510
2026-09-14 13:00:00,AMZN,195.77,197.32,193.88,194.59,134487
2026-09-14 13:30:00,AMZN,194.59,195.12,191.65,193.48,308189
2026-09-14 14:00:00,AMZN,193.48,195.40,191.43,191.44,320766
2026-09-14 14:30:00,AMZN,191.44,191.50,190.38,190.65,118403
2026-09-14 15:00:00,AMZN,190.65,193.68,189.43,193.08,199351
2026-09-14 15:30:00,AMZN,193.08,193.96,191.89,192.44,723039
2026-09-14 16:00:00,AMZN,192.44,193.23,189.94,191.43,1571628
2026-09-15 09:30:00,AMZN,191.89,194.28,190.35,194.22,545455
2026-09-15 10:00:00,AMZN,194.22,195.31,193.84,195.19,777262
2026-09-15 10:30:00,AMZN,195.19,198.38,195.05,197.25,309468
2026-09-15 11:00:00,AMZN,197.25,199.31,195.95,197.89,96158
2026-09-15 11:30:00,AMZN,197.89,198.10,195.45,196.12,366116
2026-09-15 12:00:00,AMZN,196.12,197.68,194.72,197.27,236267
2026-09-15 12:30:00,AMZN,197.27,199.33,195.40,195.86,275627
2026-09-15 13:00:00,AMZN,195.86,196.01,193.58,193.62,371016
2026-09-15 13:30:00,AMZN,193.62,194.16,192.71,193.93,367061
2026-09-15 14:00:00,AMZN,193.93,194.75,193.05,193.33,260277
2026-09-15 14:30:00,AMZN,193.33,196.27,193.00,194.12,176465
2026-09-15 15:00:00,AMZN,194.12,194.47,191.61,193.51,181882
2026-09-15 15:30:00,AMZN,193.51,196.19,193.20,195.18,825512
2026-09-15 16:00:00,AMZN,195.18,196.44,194.71,195.02,1059542
2026-09-16 09:30:00,AMZN,194.28,194.71,192.07,193.34,1143844
2026-09-16 10:00:00,AMZN,193.34,194.52,191.95,192.03,323199
2026-09-16 10:30:00,AMZN,192.03,193.96,191.51,193.24,316268
2026-09-16 11:00:00,AMZN,193.24,194.55,192.07,192.27,377198
2026-09-16 11:30:00,AMZN,192.27,192.85,190.87,191.53,304556
2026-09-16 12:00:00,AMZN,191.53,192.94,191.18,192.18,415983
2026-09-16 12:30:00,AMZN,192.18,193.96,189.25,190.00,150414
2026-09-16 13:00:00,AMZN,190.00,190.81,188.42,189.49,240155
2026-09-16 13:30:00,AMZN,189.49,190.20,189.45,189.72,418454
2026-09-16 14:00:00,AMZN,189.72,190.91,187.28,187.62,362390
2026-09-16 14:30:00,AMZN,187.62,188.15,185.55,187.06,408528
2026-09-16 15:00:00,AMZN,187.06,187.77,185.90,187.59,96354
2026-09-16 15:30:00,AMZN,187.59,188.32,186.39,187.82,868697
2026-09-16 16:00:00,AMZN,187.82,188.21,187.68,187.95,1581784
2026-09-17 09:30:00,AMZN,192.81,193.12,189.92,190.39,1686482
2026-09-17 10:00:00,AMZN,190.39,191.28,189.57,191.19,737274
2026-09-17 10:30:00,AMZN,191.19,191.19,190.50,190.60,205242
2026-09-17 11:00:00,AMZN,190.60,191.85,189.12,190.80,401931
2026-09-17 11:30:00,AMZN,190.80,192.34,189.50,189.87,376934
2026-09-17 12:00:00,AMZN,189.87,191.95,189.41,190.56,156650
2026-09-17 12:30:00,AMZN,190.56,191.71,190.01,190.45,335664
2026-09-17 13:00:00,AMZN,190.45,191.36,189.67,191.27,202693
2026-09-17 13:30:00,AMZN,191.27,192.43,190.47,192.25,326244
2026-09-17 14:00:00,AMZN,192.25,194.06,190.52,191.54,100921
2026-09-17 14:30:00,AMZN,191.54,192.95,191.19,192.84,223390
2026-09-17 15:00:00,AMZN,192.84,193.24,190.52,191.20,365396
2026-09-17 15:30:00,AMZN,191.20,191.62,189.02,189.98,331618
2026-09-17 16:00:00,AMZN,189.98,192.30,189.88,191.33,917453
2026-09-18 09:30:00,AMZN,189.29,190.07,188.35,189.20,1461058
2026-09-18 10:00:00,AMZN,189.20,189.43,188.41,189.36,491162
2026-09-18 10:30:00,AMZN,189.36,190.62,187.71,188.37,190895
2026-09-18 11:00:00,AMZN,188.37,189.36,186.91,188.89,426611
2026-09-18 11:30:00,AMZN,188.89,189.11,185.59,187.37,139422
2026-09-18 12:00:00,AMZN,187.37,187.50,185.67,185.81,295429
2026-09-18 12:30:00,AMZN,185.81,186.94,185.77,186.65,380672
2026-09-18 13:00:00,AMZN,186.65,186.94,184.01,186.06,156999
2026-09-18 13:30:00,AMZN,186.06,186.77,185.60,185.86,174391
2026-09-18 14:00:00,AMZN,185.86,185.96,183.13,184.48,426944
2026-09-18 14:30:00,AMZN,184.48,185.50,182.03,184.14,193557
2026-09-18 15:00:00,AMZN,184.14,185.09,179.67,180.06,295360
2026-09-18 15:30:00,AMZN,180.06,181.42,178.49,179.48,440719
2026-09-18 16:00:00,AMZN,179.48,180.27,177.66,178.36,1400995
2026-08-31 09:30:00,META,522.41,523.12,519.80,521.06,484734
2026-08-31 10:00:00,META,521.06,524.82,514.84,522.89,778859
2026-08-31 10:30:00,META,522.89,528.54,517.85,519.46,402305
2026-08-31 11:00:00,META,519.46,524.89,513.85,517.77,358622
2026-08-31 11:30:00,META,517.77,517.80,513.83,515.54,396394
2026-08-31 12:00:00,META,515.54,516.07,515.50,515.92,435760
2026-08-31 12:30:00,META,515.92,519.10,512.02,512.68,357776
2026-08-31 13:00:00,META,512.68,520.67,509.39,513.78,332771
2026-08-31 13:30:00,META,513.78,518.08,509.27,515.00,445275
2026-08-31 14:00:00,META,515.00,518.03,509.50,511.06,213440
2026-08-31 14:30:00,META,511.06,511.40,506.20,507.85,365071
2026-08-31 15:00:00,META,507.85,509.59,503.94,505.06,83729
2026-08-31 15:30:00,META,505.06,505.81,498.53,503.15,581246
2026-08-31 16:00:00,META,503.15,504.82,502.33,503.55,1343536
2026-09-01 09:30:00,META,500.59,502.61,495.28,497.88,1216811
2026-09-01 10:00:00,META,497.88,504.17,485.72,487.38,828923
2026-09-01 10:30:00,META,487.38,490.01,483.93,489.26,274098
2026-09-01 11:00:00,META,489.26,490.55,480.64,484.64,449882
2026-09-01 11:30:00,META,484.64,485.97,483.33,484.32,425654
2026-09-01 12:00:00,META,484.32,488.24,482.78,486.73,132574
2026-09-01 12:30:00,META,486.73,487.42,473.40,476.36,257438
2026-09-01 13:00:00,META,476.36,482.26,475.97,478.31,284002
2026-09-01 13:30:00,META,478.31,478.61,477.05,477.12,127756
2026-09-01 14:00:00,META,477.12,482.43,476.08,479.37,217935
2026-09-01 14:30:00,META,479.37,479.59,477.16,478.37,99794
2026-09-01 15:00:00,META,478.37,485.24,473.32,476.88,230192
2026-09-01 15:30:00,META,476.88,481.62,472.94,480.64,433785
2026-09-01 16:00:00,META,480.64,483.15,476.46,477.78,1536646
2026-09-02 09:30:00,META,487.62,488.41,484.46,487.46,935849
2026-09-02 10:00:00,META,487.46,490.91,481.43,484.46,627214
2026-09-02 10:30:00,META,484.46,484.63,478.77,484.56,289418
2026-09-02 11:00:00,META,484.56,498.91,482.12,497.01,387274
2026-09-02 11:30:00,META,497.01,497.87,494.99,497.35,368144
2026-09-02 12:00:00,META,497.35,498.62,482.18,487.83,385624
2026-09-02 12:30:00,META,487.83,494.28,480.71,481.40,181987
2026-09-02 13:00:00,META,481.40,490.33,480.53,487.33,82438
2026-09-02 13:30:00,META,487.33,490.46,486.18,487.11,234272
2026-09-02 14:00:00,META,487.11,489.08,485.82,488.26,349110
2026-09-02 14:30:00,META,488.26,498.73,486.71,497.01,443956
2026-09-02 15:00:00,META,497.01,499.86,490.65,491.71,333561
2026-09-02 15:30:00,META,491.71,497.92,488.38,492.74,733100
2026-09-02 16:00:00,META,492.74,497.66,487.92,491.65,1460764
2026-09-03 09:30:00,META,493.87,501.76,486.43,495.08,932198
2026-09-03 10:00:00,META,495.08,499.67,492.75,496.60,526142
2026-09-03 10:30:00,META,496.60,501.13,495.22,501.11,433211
2026-09-03 11:00:00,META,501.11,504.07,499.25,501.18,244559
2026-09-03 11:30:00,META,501.18,505.23,495.01,500.33,221073
2026-09-03 12:00:00,META,500.33,508.28,498.48,503.49,184682
2026-09-03 12:30:00,META,503.49,503.71,499.99,502.34,219148
2026-09-03 13:00:00,META,502.34,505.32,502.33,503.26,161786
2026-09-03 13:30:00,META,503.26,509.94,501.68,509.65,121150
2026-09-03 14:00:00,META,509.65,513.88,502.61,506.71,363888
2026-09-03 14:30:00,META,506.71,512.69,500.13,501.73,274613
2026-09-03 15:00:00,META,501.73,504.26,491.35,498.01,224039
2026-09-03 15:30:00,META,498.01,507.04,496.71,497.23,785962
2026-09-03 16:00:00,META,497.23,499.41,495.80,496.73,1337464
2026-09-04 09:30:00,META,495.87,496.40,487.37,490.46,816582
2026-09-04 10:00:00,META,490.46,492.00,490.04,490.49,793377
2026-09-04 10:30:00,META,490.49,491.66,481.96,484.05,384615
2026-09-04 11:00:00,META,484.05,486.70,482.34,484.37,216157
2026-09-04 11:30:00,META,484.37,487.99,483.43,485.78,259881
2026-09-04 12:00:00,META,485.78,499.28,483.10,496.83,190379
2026-09-04 12:30:00,META,496.83,499.37,488.33,490.40,316311
2026-09-04 13:00:00,META,490.40,494.55,488.92,493.85,381933
2026-09-04 13:30:00,META,493.85,499.10,489.74,490.76,371158
2026-09-04 14:00:00,META,490.76,493.52,481.79,483.02,156464
2026-09-04 14:30:00,META,483.02,490.08,482.60,485.32,300998
2026-09-04 15:00:00,META,485.32,495.59,485.29,485.52,410643
2026-09-04 15:30:00,META,485.52,486.04,478.12,478.68,839444
2026-09-04 16:00:00,META,478.68,479.27,474.50,475.23,657565
2026-09-07 09:30:00,META,474.59,475.92,470.16,473.28,1770916
2026-09-07 10:00:00,META,473.28,482.00,473.11,479.16,834572
2026-09-07 10:30:00,META,479.16,485.46,478.19,483.32,90399
2026-09-07 11:00:00,META,483.32,484.81,478.21,479.98,382437
2026-09-07 11:30:00,META,479.98,483.87,472.76,474.75,171508
2026-09-07 12:00:00,META,474.75,478.63,473.13,478.31,314320
2026-09-07 12:30:00,META,478.31,485.28,476.42,482.99,230220
2026-09-07 13:00:00,META,482.99,484.71,469.60,472.48,256888
2026-09-07 13:30:00,META,472.48,476.09,466.17,468.09,292217
2026-09-07 14:00:00,META,468.09,470.05,466.98,469.13,246135
2026-09-07 14:30:00,META,469.13,474.49,465.31,471.81,397396
2026-09-07 15:00:00,META,471.81,473.68,464.28,469.83,270402
2026-09-07 15:30:00,META,469.83,472.83,466.24,472.78,722161
2026-09-07 16:00:00,META,472.78,473.76,465.82,470.55,977742
2026-09-08 09:30:00,META,472.37,480.32,470.79,478.61,666026
2026-09-08 10:00:00,META,478.61,485.82,474.61,479.96,746171
2026-09-08 10:30:00,META,479.96,480.17,475.00,479.10,123647
2026-09-08 11:00:00,META,479.10,486.98,476.56,483.62,124203
2026-09-08 11:30:00,META,483.62,488.86,477.79,478.62,228989
2026-09-08 12:00:00,META,478.62,483.22,478.07,481.74,356164
2026-09-08 12:30:00,META,481.74,483.01,478.63,482.39,250499
2026-09-08 13:00:00,META,482.39,484.63,472.58,475.11,363421
2026-09-08 13:30:00,META,475.11,481.67,470.29,480.15,362742
2026-09-08 14:00:00,META,480.15,489.99,476.49,488.15,410850
2026-09-08 14:30:00,META,488.15,494.49,484.12,488.19,359856
2026-09-08 15:00:00,META,488.19,491.83,485.55,490.78,362941
2026-09-08 15:30:00,META,490.78,492.48,489.65,491.15,413281
2026-09-08 16:00:00,META,491.15,495.52,491.11,495.51,735842
2026-09-09 09:30:00,META,491.29,502.56,490.93,495.52,1450482
2026-09-09 10:00:00,META,495.52,500.58,492.05,493.29,257568
2026-09-09 10:30:00,META,493.29,495.21,487.08,487.67,373891
2026-09-09 11:00:00,META,487.67,488.57,483.74,484.70,278368
2026-09-09 11:30:00,META,484.70,484.93,477.46,478.66,407849
2026-09-09 12:00:00,META,478.66,484.36,474.04,479.24,438948
2026-09-09 12:30:00,META,479.24,479.84,470.85,475.14,358891
2026-09-09 13:00:00,META,475.14,479.72,473.99,476.83,231831
2026-09-09 13:30:00,META,476.83,479.38,472.65,474.76,317380
2026-09-09 14:00:00,META,474.76,478.90,473.80,474.03,106021
2026-09-09 14:30:00,META,474.03,475.53,473.91,474.91,133620
2026-09-09 15:00:00,META,474.91,476.43,474.20,474.56,127289
2026-09-09 15:30:00,META,474.56,476.90,471.73,474.86,608521
2026-09-09 16:00:00,META,474.86,477.38,465.54,468.38,516557
2026-09-10 09:30:00,META,468.68,473.66,463.90,464.85,1272968
2026-09-10 10:00:00,META,464.85,467.82,463.09,464.52,451528
2026-09-10 10:30:00,META,464.52,468.49,464.18,467.13,210527
2026-09-10 11:00:00,META,467.13,473.68,461.84,467.68,209584
2026-09-10 11:30:00,META,467.68,468.46,462.77,467.69,353226
2026-09-10 12:00:00,META,467.69,470.56,465.95,469.54,284012
2026-09-10 12:30:00,META,469.54,471.87,466.27,468.11,102117
2026-09-10 13:00:00,META,468.11,473.64,464.39,473.52,144037
2026-09-10 13:30:00,META,473.52,477.77,471.52,473.49,429540
2026-09-10 14:00:00,META,473.49,482.33,472.06,482.03,411826
2026-09-10 14:30:00,META,482.03,482.24,480.32,481.43,287517
2026-09-10 15:00:00,META,481.43,481.53,475.61,476.00,102016
2026-09-10 15:30:00,META,476.00,478.24,469.72,470.37,343826
2026-09-10 16:00:00,META,470.37,470.40,464.72,468.19,1747392
2026-09-11 09:30:00,META,459.02,468.45,458.01,468.39,1195574
2026-09-11 10:00:00,META,468.39,472.01,464.06,464.45,493977
2026-09-11 10:30:00,META,464.45,465.97,459.05,462.45,417980
2026-09-11 11:00:00,META,462.45,468.13,460.68,462.86,441365
2026-09-11 11:30:00,META,462.86,467.36,459.61,463.98,211437
2026-09-11 12:00:00,META,463.98,469.96,461.72,467.94,445448
2026-09-11 12:30:00,META,467.94,473.20,467.70,469.38,365013
2026-09-11 13:00:00,META,469.38,473.31,464.64,465.52,370728
2026-09-11 13:30:00,META,465.52,475.38,462.47,473.42,315606
2026-09-11 14:00:00,META,473.42,475.66,472.49,472.57,414509
2026-09-11 14:30:00,META,472.57,477.62,472.39,472.78,89814
2026-09-11 15:00:00,META,472.78,474.72,468.02,469.92,113209
2026-09-11 15:30:00,META,469.92,471.93,464.39,467.46,656313
2026-09-11 16:00:00,META,467.46,474.08,467.29,469.91,1043764
2026-09-14 09:30:00,META,466.25,470.02,460.97,463.70,589837
2026-09-14 10:00:00,META,463.70,473.71,461.83,467.04,437316
2026-09-14 10:30:00,META,467.04,470.53,465.70,469.11,379374
2026-09-14 11:00:00,META,469.11,471.22,466.83,469.38,336853
2026-09-14 11:30:00,META,469.38,470.12,462.89,462.99,397694
2026-09-14 12:00:00,META,462.99,467.16,462.53,467.06,189438
2026-09-14 12:30:00,META,467.06,472.67,460.16,461.77,414976
2026-09-14 13:00:00,META,461.77,465.22,456.43,457.80,298079
2026-09-14 13:30:00,META,457.80,465.75,454.07,461.10,357359
2026-09-14 14:00:00,META,461.10,464.33,460.82,463.25,239333
2026-09-14 14:30:00,META,463.25,466.87,461.91,465.91,201119
2026-09-14 15:00:00,META,465.91,467.77,465.39,465.77,355876
2026-09-14 15:30:00,META,465.77,468.95,459.33,462.86,835253
2026-09-14 16:00:00,META,462.86,464.05,460.53,461.23,1789292
2026-09-15 09:30:00,META,452.64,453.52,447.05,449.91,668318
2026-09-15 10:00:00,META,449.91,452.83,447.81,451.28,415860
2026-09-15 10:30:00,META,451.28,457.29,450.47,453.51,264719
2026-09-15 11:00:00,META,453.51,459.92,448.00,457.82,296186
2026-09-15 11:30:00,META,457.82,458.09,454.70,457.75,249581
2026-09-15 12:00:00,META,457.75,460.09,452.63,453.72,213215
2026-09-15 12:30:00,META,453.72,462.62,451.30,460.59,288189
2026-09-15 13:00:00,META,460.59,461.78,460.48,461.78,150823
2026-09-15 13:30:00,META,461.78,465.08,461.68,462.61,237461
2026-09-15 14:00:00,META,462.61,465.78,460.62,465.58,441611
2026-09-15 14:30:00,META,465.58,475.21,459.67,472.28,348053
2026-09-15 15:00:00,META,472.28,474.63,462.82,463.28,266466
2026-09-15 15:30:00,META,463.28,465.61,461.38,464.33,860434
2026-09-15 16:00:00,META,464.33,466.68,463.15,464.43,1643415
2026-09-16 09:30:00,META,472.93,481.47,472.05,479.05,812602
2026-09-16 10:00:00,META,479.05,485.50,471.13,471.60,854223
2026-09-16 10:30:00,META,471.60,473.71,471.09,472.50,382138
2026-09-16 11:00:00,META,472.50,476.31,468.18,471.68,255316
2026-09-16 11:30:00,META,471.68,476.15,462.13,467.26,198865
2026-09-16 12:00:00,META,467.26,471.67,461.53,471.59,85994
2026-09-16 12:30:00,META,471.59,474.72,464.29,467.68,247413
2026-09-16 13:00:00,META,467.68,471.12,467.26,469.49,343403
2026-09-16 13:30:00,META,469.49,471.10,464.10,468.80,313631
2026-09-16 14:00:00,META,468.80,468.87,452.23,455.99,127229
2026-09-16 14:30:00,META,455.99,459.01,454.79,456.67,123277
2026-09-16 15:00:00,META,456.67,462.83,455.95,458.11,367389
2026-09-16 15:30:00,META,458.11,458.83,451.84,456.80,386708
2026-09-16 16:00:00,META,456.80,457.06,453.51,456.81,865463
2026-09-17 09:30:00,META,447.51,449.34,443.83,448.04,1549427
2026-09-17 10:00:00,META,448.04,449.26,447.62,448.17,853998
2026-09-17 10:30:00,META,448.17,451.73,442.51,444.74,302057
2026-09-17 11:00:00,META,444.74,446.10,440.82,443.10,239812
2026-09-17 11:30:00,META,443.10,449.28,440.84,448.01,311845
2026-09-17 12:00:00,META,448.01,450.14,443.17,444.99,439325
2026-09-17 12:30:00,META,444.99,448.30,440.39,443.74,124991
2026-09-17 13:00:00,META,443.74,445.46,437.67,444.85,230829
2026-09-17 13:30:00,META,444.85,449.15,441.68,442.05,138341
2026-09-17 14:00:00,META,442.05,445.01,438.37,440.61,191083
2026-09-17 14:30:00,META,440.61,447.34,437.37,446.36,215611
2026-09-17 15:00:00,META,446.36,447.55,436.82,441.10,430361
2026-09-17 15:30:00,META,441.10,444.75,440.47,440.89,945759
2026-09-17 16:00:00,META,440.89,441.25,436.25,437.97,1745966
2026-09-18 09:30:00,META,439.75,442.82,438.27,439.24,1018979
2026-09-18 10:00:00,META,439.24,442.42,433.61,438.83,627717
2026-09-18 10:30:00,META,438.83,439.84,436.14,439.43,201198
2026-09-18 11:00:00,META,439.43,442.70,434.87,435.28,132221
2026-09-18 11:30:00,META,435.28,440.89,434.32,439.08,184267
2026-09-18 12:00:00,META,439.08,442.14,438.19,438.20,91266
2026-09-18 12:30:00,META,438.20,448.50,437.12,446.93,162315
2026-09-18 13:00:00,META,446.93,455.70,446.44,451.41,266320
2026-09-18 13:30:00,META,451.41,452.89,446.08,449.39,112510
2026-09-18 14:00:00,META,449.39,453.48,444.70,448.83,95448
2026-09-18 14:30:00,META,448.83,460.60,448.43,458.18,285964
2026-09-18 15:00:00,META,458.18,462.69,457.15,462.00,280386
2026-09-18 15:30:00,META,462.00,462.57,452.84,455.89,687605
2026-09-18 16:00:00,META,455.89,455.99,449.87,451.50,1105114
2026-08-31 09:30:00,TSLA,242.62,244.02,240.83,241.21,740616
2026-08-31 10:00:00,TSLA,241.21,242.77,236.93,237.26,799249
2026-08-31 10:30:00,TSLA,237.26,240.72,236.08,238.85,156101
2026-08-31 11:00:00,TSLA,238.85,241.09,236.34,236.76,359425
2026-08-31 11:30:00,TSLA,236.76,238.73,236.43,237.74,246512
2026-08-31 12:00:00,TSLA,237.74,239.67,235.95,238.68,297076
2026-08-31 12:30:00,TSLA,238.68,240.94,238.25,239.21,413891
2026-08-31 13:00:00,TSLA,239.21,242.13,239.03,241.44,176860
2026-08-31 13:30:00,TSLA,241.44,247.53,239.07,240.08,403457
2026-08-31 14:00:00,TSLA,240.08,242.78,239.54,239.72,440383
2026-08-31 14:30:00,TSLA,239.72,242.78,239.58,241.93,329876
2026-08-31 15:00:00,TSLA,241.93,248.98,238.92,245.87,176456
2026-08-31 15:30:00,TSLA,245.87,248.29,243.87,246.79,394192
2026-08-31 16:00:00,TSLA,246.79,249.31,242.02,247.98,1015934
2026-09-01 09:30:00,TSLA,255.20,257.89,254.49,257.40,878997
2026-09-01 10:00:00,TSLA,257.40,262.12,253.47,255.54,710623
2026-09-01 10:30:00,TSLA,255.54,260.02,254.42,258.08,209385
2026-09-01 11:00:00,TSLA,258.08,264.86,256.36,261.31,398730
2026-09-01 11:30:00,TSLA,261.31,263.54,259.86,261.07,379858
2026-09-01 12:00:00,TSLA,261.07,267.62,259.52,265.26,449157
2026-09-01 12:30:00,TSLA,265.26,268.99,261.11,266.24,102238
2026-09-01 13:00:00,TSLA,266.24,269.43,265.02,268.16,361998
2026-09-01 13:30:00,TSLA,268.16,270.49,261.28,263.88,410641
2026-09-01 14:00:00,TSLA,263.88,265.34,262.17,262.52,310452
2026-09-01 14:30:00,TSLA,262.52,263.69,259.14,260.33,301491
2026-09-01 15:00:00,TSLA,260.33,261.74,252.33,257.18,441734
2026-09-01 15:30:00,TSLA,257.18,257.31,254.28,255.46,774977
2026-09-01 16:00:00,TSLA,255.46,258.40,249.94,252.44,1595898
2026-09-02 09:30:00,TSLA,256.01,259.89,255.58,258.54,1687981
2026-09-02 10:00:00,TSLA,258.54,267.03,257.81,264.06,589817
2026-09-02 10:30:00,TSLA,264.06,265.86,258.46,263.15,165980
2026-09-02 11:00:00,TSLA,263.15,264.31,260.98,262.87,270286
2026-09-02 11:30:00,TSLA,262.87,268.41,261.03,265.28,348260
2026-09-02 12:00:00,TSLA,265.28,266.17,263.18,263.84,169592
2026-09-02 12:30:00,TSLA,263.84,266.38,262.03,263.59,425783
2026-09-02 13:00:00,TSLA,263.59,265.97,261.16,264.92,106901
2026-09-02 13:30:00,TSLA,264.92,271.22,263.95,269.44,313967
2026-09-02 14:00:00,TSLA,269.44,270.88,264.17,268.98,81852
2026-09-02 14:30:00,TSLA,268.98,270.27,262.72,263.95,320460
2026-09-02 15:00:00,TSLA,263.95,263.99,259.03,260.13,338718
2026-09-02 15:30:00,TSLA,260.13,260.36,253.04,256.02,748820
2026-09-02 16:00:00,TSLA,256.02,256.71,252.56,252.76,1597858
2026-09-03 09:30:00,TSLA,252.54,255.60,251.17,251.81,837637
2026-09-03 10:00:00,TSLA,251.81,253.72,247.37,249.92,288504
2026-09-03 10:30:00,TSLA,249.92,250.91,247.30,250.46,253597
2026-09-03 11:00:00,TSLA,250.46,251.07,248.17,248.50,298605
2026-09-03 11:30:00,TSLA,248.50,250.44,247.81,250.39,446921
2026-09-03 12:00:00,TSLA,250.39,258.19,248.22,254.94,173018
2026-09-03 12:30:00,TSLA,254.94,260.97,254.56,260.17,236916
2026-09-03 13:00:00,TSLA,260.17,263.05,255.81,260.90,115476
2026-09-03 13:30:00,TSLA,260.90,265.69,258.54,261.29,143975
2026-09-03 14:00:00,TSLA,261.29,263.43,259.57,262.80,356327
2026-09-03 14:30:00,TSLA,262.80,263.61,260.72,260.92,379560
2026-09-03 15:00:00,TSLA,260.92,262.47,257.73,262.06,125964
2026-09-03 15:30:00,TSLA,262.06,262.42,251.10,257.13,551137
2026-09-03 16:00:00,TSLA,257.13,261.05,251.48,253.38,994546
2026-09-04 09:30:00,TSLA,237.21,237.88,234.87,235.73,1629929
2026-09-04 10:00:00,TSLA,235.73,235.81,227.35,231.02,889008
2026-09-04 10:30:00,TSLA,231.02,231.32,229.36,231.14,181478
2026-09-04 11:00:00,TSLA,231.14,231.82,230.43,231.82,188701
2026-09-04 11:30:00,TSLA,231.82,234.13,223.70,230.84,297076
2026-09-04 12:00:00,TSLA,230.84,233.98,230.36,233.45,415868
2026-09-04 12:30:00,TSLA,233.45,233.95,230.03,231.60,115565
2026-09-04 13:00:00,TSLA,231.60,233.85,230.32,230.42,439575
2026-09-04 13:30:00,TSLA,230.42,231.76,228.67,230.75,378278
2026-09-04 14:00:00,TSLA,230.75,231.08,229.46,230.27,257176
2026-09-04 14:30:00,TSLA,230.27,234.67,229.19,232.62,328774
2026-09-04 15:00:00,TSLA,232.62,236.71,229.78,233.89,361525
2026-09-04 15:30:00,TSLA,233.89,236.22,232.50,234.41,684061
2026-09-04 16:00:00,TSLA,234.41,235.66,231.79,235.35,1111657
2026-09-07 09:30:00,TSLA,234.67,234.80,232.55,234.18,1191543
2026-09-07 10:00:00,TSLA,234.18,235.25,232.53,233.00,282687
2026-09-07 10:30:00,TSLA,233.00,234.68,230.36,231.55,397555
2026-09-07 11:00:00,TSLA,231.55,233.64,229.48,231.22,241628
2026-09-07 11:30:00,TSLA,231.22,232.91,228.53,230.57,340599
2026-09-07 12:00:00,TSLA,230.57,232.60,229.21,231.20,238664
2026-09-07 12:30:00,TSLA,231.20,233.44,228.50,231.76,185957
2026-09-07 13:00:00,TSLA,231.76,237.01,230.62,235.10,93073
2026-09-07 13:30:00,TSLA,235.10,241.37,234.04,237.08,333478
2026-09-07 14:00:00,TSLA,237.08,239.63,234.57,239.35,251619
2026-09-07 14:30:00,TSLA,239.35,246.55,237.19,243.17,434794
2026-09-07 15:00:00,TSLA,243.17,244.61,236.71,236.77,99164
2026-09-07 15:30:00,TSLA,236.77,237.60,232.11,232.29,296168
2026-09-07 16:00:00,TSLA,232.29,233.35,229.77,232.30,632611
2026-09-08 09:30:00,TSLA,227.55,235.53,225.50,232.76,1105319
2026-09-08 10:00:00,TSLA,232.76,238.15,231.86,237.66,460297
2026-09-08 10:30:00,TSLA,237.66,238.25,234.59,236.15,247326
2026-09-08 11:00:00,TSLA,236.15,239.89,235.98,236.83,140010
2026-09-08 11:30:00,TSLA,236.83,241.49,236.55,238.59,349515
2026-09-08 12:00:00,TSLA,238.59,243.21,237.01,241.62,449284
2026-09-08 12:30:00,TSLA,241.62,242.54,238.34,240.94,169797
2026-09-08 13:00:00,TSLA,240.94,246.01,239.73,244.73,148196
2026-09-08 13:30:00,TSLA,244.73,252.20,243.89,247.59,106453
2026-09-08 14:00:00,TSLA,247.59,248.90,246.37,248.45,392539
2026-09-08 14:30:00,TSLA,248.45,251.75,246.52,249.37,441824
2026-09-08 15:00:00,TSLA,249.37,252.24,246.54,248.07,431729
2026-09-08 15:30:00,TSLA,248.07,253.73,247.25,253.40,738316
2026-09-08 16:00:00,TSLA,253.40,253.80,251.08,252.18,653975
2026-09-09 09:30:00,TSLA,244.91,245.81,239.91,240.49,935897
2026-09-09 10:00:00,TSLA,240.49,241.60,236.91,237.28,896910
2026-09-09 10:30:00,TSLA,237.28,239.25,235.30,237.18,253186
2026-09-09 11:00:00,TSLA,237.18,244.33,233.01,243.27,317650
2026-09-09 11:30:00,TSLA,243.27,243.33,240.36,242.20,169549
2026-09-09 12:00:00,TSLA,242.20,244.90,240.28,244.50,381296
2026-09-09 12:30:00,TSLA,244.50,246.26,242.93,245.54,250849
2026-09-09 13:00:00,TSLA,245.54,246.31,240.32,240.60,238396
2026-09-09 13:30:00,TSLA,240.60,241.04,235.19,237.67,367283
2026-09-09 14:00:00,TSLA,237.67,241.16,235.66,239.86,114634
2026-09-09 14:30:00,TSLA,239.86,243.10,233.89,236.94,308250
2026-09-09 15:00:00,TSLA,236.94,238.67,233.41,234.18,443925
2026-09-09 15:30:00,TSLA,234.18,237.61,230.00,234.60,852080
2026-09-09 16:00:00,TSLA,234.60,238.36,233.74,237.83,1700060
2026-09-10 09:30:00,TSLA,232.06,233.51,230.92,232.96,1301011
2026-09-10 10:00:00,TSLA,232.96,234.69,231.59,234.27,647316
2026-09-10 10:30:00,TSLA,234.27,235.65,227.13,229.69,112234
2026-09-10 11:00:00,TSLA,229.69,236.22,226.39,234.19,413516
2026-09-10 11:30:00,TSLA,234.19,235.46,226.97,230.12,426492
2026-09-10 12:00:00,TSLA,230.12,234.28,228.08,232.26,182585
2026-09-10 12:30:00,TSLA,232.26,235.90,228.26,234.74,237147
2026-09-10 13:00:00,TSLA,234.74,236.68,227.31,228.92,307922
2026-09-10 13:30:00,TSLA,228.92,236.34,224.56,235.42,126812
2026-09-10 14:00:00,TSLA,235.42,236.83,228.02,231.95,234237
2026-09-10 14:30:00,TSLA,231.95,235.98,229.96,231.63,107854
2026-09-10 15:00:00,TSLA,231.63,235.40,230.66,235.39,227958
2026-09-10 15:30:00,TSLA,235.39,236.39,234.12,235.25,868831
2026-09-10 16:00:00,TSLA,235.25,236.36,231.79,233.27,1593196
2026-09-11 09:30:00,TSLA,236.46,238.19,234.77,236.95,1205578
2026-09-11 10:00:00,TSLA,236.95,240.54,235.94,239.89,381647
2026-09-11 10:30:00,TSLA,239.89,241.32,236.55,240.71,335171
2026-09-11 11:00:00,TSLA,240.71,244.36,235.92,241.23,151185
2026-09-11 11:30:00,TSLA,241.23,246.56,239.22,245.00,444584
2026-09-11 12:00:00,TSLA,245.00,248.55,243.62,246.75,174265
2026-09-11 12:30:00,TSLA,246.75,247.39,242.79,243.69,198353
2026-09-11 13:00:00,TSLA,243.69,244.83,238.38,241.02,383006
2026-09-11 13:30:00,TSLA,241.02,241.06,235.80,236.19,366348
2026-09-11 14:00:00,TSLA,236.19,236.67,233.71,233.96,99852
2026-09-11 14:30:00,TSLA,233.96,235.29,228.10,229.85,442019
2026-09-11 15:00:00,TSLA,229.85,234.93,228.28,232.05,355989
2026-09-11 15:30:00,TSLA,232.05,240.99,231.64,240.37,332034
2026-09-11 16:00:00,TSLA,240.37,243.23,236.69,237.11,964287
2026-09-14 09:30:00,TSLA,229.54,231.19,229.34,230.40,1778939
2026-09-14 10:00:00,TSLA,230.40,231.05,223.52,226.77,811023
2026-09-14 10:30:00,TSLA,226.77,227.17,220.66,222.82,348783
2026-09-14 11:00:00,TSLA,222.82,227.33,221.93,225.89,234464
2026-09-14 11:30:00,TSLA,225.89,228.36,225.38,228.23,393333
2026-09-14 12:00:00,TSLA,228.23,231.48,227.58,228.26,328072
2026-09-14 12:30:00,TSLA,228.26,230.56,226.68,227.91,424100
2026-09-14 13:00:00,TSLA,227.91,233.35,226.75,233.13,123259
2026-09-14 13:30:00,TSLA,233.13,233.70,230.91,231.49,225672
2026-09-14 14:00:00,TSLA,231.49,234.29,231.23,231.48,138484
2026-09-14 14:30:00,TSLA,231.48,237.30,228.78,233.73,159238
2026-09-14 15:00:00,TSLA,233.73,235.38,230.66,232.26,203834
2026-09-14 15:30:00,TSLA,232.26,240.53,231.92,236.83,284697
2026-09-14 16:00:00,TSLA,236.83,237.56,233.24,236.19,773276
2026-09-15 09:30:00,TSLA,245.01,250.83,243.21,247.74,1373134
2026-09-15 10:00:00,TSLA,247.74,249.57,246.44,249.37,855822
2026-09-15 10:30:00,TSLA,249.37,251.37,246.85,249.14,140814
2026-09-15 11:00:00,TSLA,249.14,251.44,244.34,245.12,329682
2026-09-15 11:30:00,TSLA,245.12,248.49,243.52,243.56,279124
2026-09-15 12:00:00,TSLA,243.56,244.42,237.94,239.85,217691
2026-09-15 12:30:00,TSLA,239.85,247.02,235.06,243.61,315311
2026-09-15 13:00:00,TSLA,243.61,245.55,242.36,244.18,358005
2026-09-15 13:30:00,TSLA,244.18,244.74,241.23,243.87,306380
2026-09-15 14:00:00,TSLA,243.87,246.25,239.80,241.77,222915
2026-09-15 14:30:00,TSLA,241.77,243.21,238.11,240.61,285077
2026-09-15 15:00:00,TSLA,240.61,246.30,239.85,243.20,206771
2026-09-15 15:30:00,TSLA,243.20,246.02,242.20,242.85,438656
2026-09-15 16:00:00,TSLA,242.85,245.61,242.56,245.49,467775
2026-09-16 09:30:00,TSLA,245.99,246.81,245.04,245.62,1385208
2026-09-16 10:00:00,TSLA,245.62,248.40,242.72,242.73,899485
2026-09-16 10:30:00,TSLA,242.73,247.80,239.99,243.58,424250
2026-09-16 11:00:00,TSLA,243.58,246.23,242.70,245.30,142902
2026-09-16 11:30:00,TSLA,245.30,247.80,242.93,244.44,277110
2026-09-16 12:00:00,TSLA,244.44,248.26,235.81,240.85,138114
2026-09-16 12:30:00,TSLA,240.85,241.39,236.22,237.72,324819
2026-09-16 13:00:00,TSLA,237.72,238.42,230.64,237.14,303862
2026-09-16 13:30:00,TSLA,237.14,241.09,234.26,239.98,249556
2026-09-16 14:00:00,TSLA,239.98,243.63,239.66,239.79,283733
2026-09-16 14:30:00,TSLA,239.79,241.27,239.15,240.90,218760
2026-09-16 15:00:00,TSLA,240.90,242.17,239.50,241.45,285853
2026-09-16 15:30:00,TSLA,241.45,242.52,239.03,241.24,400861
2026-09-16 16:00:00,TSLA,241.24,241.81,237.44,238.19,1376063
2026-09-17 09:30:00,TSLA,236.83,237.77,234.16,236.58,975538
2026-09-17 10:00:00,TSLA,236.58,238.40,236.18,238.33,771877
2026-09-17 10:30:00,TSLA,238.33,243.34,235.52,240.91,219689
2026-09-17 11:00:00,TSLA,240.91,242.00,237.61,239.14,285169
2026-09-17 11:30:00,TSLA,239.14,240.28,233.75,235.98,308619
2026-09-17 12:00:00,TSLA,235.98,238.72,232.88,234.76,116752
2026-09-17 12:30:00,TSLA,234.76,234.80,230.95,234.58,332741
2026-09-17 13:00:00,TSLA,234.58,236.42,231.35,233.09,268176
2026-09-17 13:30:00,TSLA,233.09,234.59,225.39,231.90,419253
2026-09-17 14:00:00,TSLA,231.90,237.45,230.55,235.31,258290
2026-09-17 14:30:00,TSLA,235.31,239.33,235.00,238.21,172598
2026-09-17 15:00:00,TSLA,238.21,243.35,232.18,233.98,426414
2026-09-17 15:30:00,TSLA,233.98,238.63,231.68,235.66,626712
2026-09-17 16:00:00,TSLA,235.66,239.94,232.83,233.19,1368518
2026-09-18 09:30:00,TSLA,233.07,234.21,228.49,231.52,1693496
2026-09-18 10:00:00,TSLA,231.52,233.78,230.75,231.77,773956
2026-09-18 10:30:00,TSLA,231.77,235.53,227.00,227.80,315566
2026-09-18 11:00:00,TSLA,227.80,228.43,226.84,228.35,102447
2026-09-18 11:30:00,TSLA,228.35,231.74,227.58,230.59,422805
2026-09-18 12:00:00,TSLA,230.59,232.53,227.27,229.05,158094
2026-09-18 12:30:00,TSLA,229.05,229.13,222.43,223.85,117766
2026-09-18 13:00:00,TSLA,223.85,225.65,222.59,225.40,404205
2026-09-18 13:30:00,TSLA,225.40,228.34,221.97,222.83,148439
2026-09-18 14:00:00,TSLA,222.83,227.05,219.84,226.80,131009
2026-09-18 14:30:00,TSLA,226.80,227.97,223.55,223.88,389876
2026-09-18 15:00:00,TSLA,223.88,230.12,221.90,228.68,402766
2026-09-18 15:30:00,TSLA,228.68,231.92,225.13,231.25,696915
2026-09-18 16:00:00,TSLA,231.25,234.53,228.28,228.43,703341
2026-08-31 09:30:00,JPM,212.97,214.54,212.05,214.39,897179
2026-08-31 10:00:00,JPM,214.39,216.07,213.39,215.98,601801
2026-08-31 10:30:00,JPM,215.98,217.05,215.96,216.82,273948
2026-08-31 11:00:00,JPM,216.82,217.59,215.94,216.21,385128
2026-08-31 11:30:00,JPM,216.21,216.82,215.61,216.73,162708
2026-08-31 12:00:00,JPM,216.73,217.60,215.46,215.55,83329
2026-08-31 12:30:00,JPM,215.55,218.13,215.28,218.05,228757
2026-08-31 13:00:00,JPM,218.05,219.25,215.99,216.68,329567
2026-08-31 13:30:00,JPM,216.68,217.16,215.87,216.46,296023
2026-08-31 14:00:00,JPM,216.46,216.49,215.02,215.49,442636
2026-08-31 14:30:00,JPM,215.49,216.30,213.64,216.19,408829
2026-08-31 15:00:00,JPM,216.19,216.54,215.62,216.24,299564
2026-08-31 15:30:00,JPM,216.24,217.10,215.55,217.08,350331
2026-08-31 16:00:00,JPM,217.08,219.14,216.05,218.02,1581880
2026-09-01 09:30:00,JPM,216.18,216.54,215.80,216.17,561293
2026-09-01 10:00:00,JPM,216.17,218.15,215.38,216.88,747457
2026-09-01 10:30:00,JPM,216.88,217.33,214.29,214.30,102604
2026-09-01 11:00:00,JPM,214.30,215.54,214.16,215.30,403390
2026-09-01 11:30:00,JPM,215.30,216.57,214.11,216.14,102710
2026-09-01 12:00:00,JPM,216.14,216.61,215.71,216.46,95238
2026-09-01 12:30:00,JPM,216.46,216.83,216.32,216.36,203364
2026-09-01 13:00:00,JPM,216.36,217.36,215.91,216.14,434865
2026-09-01 13:30:00,JPM,216.14,217.26,215.81,216.82,137741
2026-09-01 14:00:00,JPM,216.82,217.13,216.52,216.64,276887
2026-09-01 14:30:00,JPM,216.64,216.87,214.31,214.50,386756
2026-09-01 15:00:00,JPM,214.50,214.65,211.26,212.30,318546
2026-09-01 15:30:00,JPM,212.30,214.59,211.65,214.27,729975
2026-09-01 16:00:00,JPM,214.27,215.31,213.53,214.03,716782
2026-09-02 09:30:00,JPM,213.96,215.56,213.89,215.36,1426296
2026-09-02 10:00:00,JPM,215.36,216.37,215.24,215.92,610265
2026-09-02 10:30:00,JPM,215.92,216.75,215.18,216.13,400616
2026-09-02 11:00:00,JPM,216.13,218.61,215.57,217.78,369803
2026-09-02 11:30:00,JPM,217.78,218.37,217.23,218.11,193478
2026-09-02 12:00:00,JPM,218.11,219.33,216.37,217.16,226365
2026-09-02 12:30:00,JPM,217.16,218.42,216.76,218.35,307671
2026-09-02 13:00:00,JPM,218.35,219.76,217.03,217.80,390258
2026-09-02 13:30:00,JPM,217.80,220.69,217.16,220.12,103186
2026-09-02 14:00:00,JPM,220.12,220.96,219.26,219.48,344354
2026-09-02 14:30:00,JPM,219.48,221.04,218.12,220.84,131379
2026-09-02 15:00:00,JPM,220.84,221.69,220.67,221.14,372808
2026-09-02 15:30:00,JPM,221.14,222.41,220.69,221.22,625815
2026-09-02 16:00:00,JPM,221.22,222.01,220.15,221.69,640273
2026-09-03 09:30:00,JPM,224.43,225.10,223.68,224.64,1646175
2026-09-03 10:00:00,JPM,224.64,224.85,223.34,224.68,675051
2026-09-03 10:30:00,JPM,224.68,225.90,223.22,225.27,408629
2026-09-03 11:00:00,JPM,225.27,225.52,223.57,223.76,442152
2026-09-03 11:30:00,JPM,223.76,223.86,223.31,223.48,303295
2026-09-03 12:00:00,JPM,223.48,224.77,222.70,223.56,188604
2026-09-03 12:30:00,JPM,223.56,223.64,222.34,222.65,256000
2026-09-03 13:00:00,JPM,222.65,222.92,221.55,222.66,107033
2026-09-03 13:30:00,JPM,222.66,223.23,221.66,222.14,404604
2026-09-03 14:00:00,JPM,222.14,223.40,221.41,223.21,373998
2026-09-03 14:30:00,JPM,223.21,223.34,221.35,221.86,255599
2026-09-03 15:00:00,JPM,221.86,222.32,220.04,221.94,384149
2026-09-03 15:30:00,JPM,221.94,223.18,221.06,222.34,486388
2026-09-03 16:00:00,JPM,222.34,223.84,220.56,221.37,564210
2026-09-04 09:30:00,JPM,221.44,222.70,220.49,222.42,707340
2026-09-04 10:00:00,JPM,222.42,223.52,222.24,222.58,808739
2026-09-04 10:30:00,JPM,222.58,224.12,221.79,223.61,443448
2026-09-04 11:00:00,JPM,223.61,225.57,221.87,224.89,114407
2026-09-04 11:30:00,JPM,224.89,227.34,224.22,225.82,173748
2026-09-04 12:00:00,JPM,225.82,226.92,223.90,226.45,137338
2026-09-04 12:30:00,JPM,226.45,227.11,226.18,226.78,187089
2026-09-04 13:00:00,JPM,226.78,228.45,226.64,227.34,233705
2026-09-04 13:30:00,JPM,227.34,227.94,225.09,225.90,300269
2026-09-04 14:00:00,JPM,225.90,226.97,225.02,225.41,232838
2026-09-04 14:30:00,JPM,225.41,225.69,224.93,225.54,352430
2026-09-04 15:00:00,JPM,225.54,226.04,222.92,223.56,259721
2026-09-04 15:30:00,JPM,223.56,224.70,221.36,222.51,805919
2026-09-04 16:00:00,JPM,222.51,223.16,221.80,222.70,1087706
2026-09-07 09:30:00,JPM,219.34,219.81,217.16,218.42,925596
2026-09-07 10:00:00,JPM,218.42,218.62,215.55,215.58,620274
2026-09-07 10:30:00,JPM,215.58,215.98,213.45,215.29,404340
2026-09-07 11:00:00,JPM,215.29,217.39,214.84,216.84,443257
2026-09-07 11:30:00,JPM,216.84,220.86,216.08,219.73,164543
2026-09-07 12:00:00,JPM,219.73,220.02,219.57,219.80,216528
2026-09-07 12:30:00,JPM,219.80,220.73,219.42,220.37,98187
2026-09-07 13:00:00,JPM,220.37,222.21,218.37,218.87,165247
2026-09-07 13:30:00,JPM,218.87,220.25,218.79,219.87,93067
2026-09-07 14:00:00,JPM,219.87,220.38,218.33,218.85,247886
2026-09-07 14:30:00,JPM,218.85,220.99,217.16,219.85,366337
2026-09-07 15:00:00,JPM,219.85,220.98,219.61,220.87,231952
2026-09-07 15:30:00,JPM,220.87,222.14,219.47,219.71,851596
2026-09-07 16:00:00,JPM,219.71,220.90,218.54,218.77,1160272
2026-09-08 09:30:00,JPM,214.96,216.09,214.02,214.35,1605446
2026-09-08 10:00:00,JPM,214.35,214.47,213.94,214.05,897518
2026-09-08 10:30:00,JPM,214.05,215.41,213.84,214.72,416232
2026-09-08 11:00:00,JPM,214.72,215.27,213.86,214.96,225713
2026-09-08 11:30:00,JPM,214.96,215.45,214.30,215.15,125810
2026-09-08 12:00:00,JPM,215.15,215.90,213.77,213.88,337145
2026-09-08 12:30:00,JPM,213.88,214.81,211.79,213.32,269301
2026-09-08 13:00:00,JPM,213.32,214.27,211.84,212.55,304206
2026-09-08 13:30:00,JPM,212.55,213.07,211.74,211.89,313610
2026-09-08 14:00:00,JPM,211.89,213.11,211.66,212.89,312899
2026-09-08 14:30:00,JPM,212.89,213.66,212.45,212.87,302210
2026-09-08 15:00:00,JPM,212.87,213.24,212.11,213.14,387851
2026-09-08 15:30:00,JPM,213.14,213.38,211.97,212.70,800818
2026-09-08 16:00:00,JPM,212.70,216.02,212.68,215.74,1688743
2026-09-09 09:30:00,JPM,215.88,217.29,214.56,215.46,1319298
2026-09-09 10:00:00,JPM,215.46,216.80,213.94,216.05,458936
2026-09-09 10:30:00,JPM,216.05,216.34,214.42,215.10,370385
2026-09-09 11:00:00,JPM,215.10,215.18,212.83,213.15,339050
2026-09-09 11:30:00,JPM,213.15,215.31,212.85,214.53,94071
2026-09-09 12:00:00,JPM,214.53,215.15,214.20,214.73,413741
2026-09-09 12:30:00,JPM,214.73,217.32,214.54,216.23,230831
2026-09-09 13:00:00,JPM,216.23,216.67,214.97,215.18,142576
2026-09-09 13:30:00,JPM,215.18,215.26,213.61,214.48,114983
2026-09-09 14:00:00,JPM,214.48,214.89,212.91,213.70,215219
2026-09-09 14:30:00,JPM,213.70,214.47,213.09,213.88,443984
2026-09-09 15:00:00,JPM,213.88,215.01,213.86,214.35,216072
2026-09-09 15:30:00,JPM,214.35,214.49,213.97,214.19,585209
2026-09-09 16:00:00,JPM,214.19,214.47,212.49,212.64,1207414
2026-09-10 09:30:00,JPM,213.18,213.98,210.79,211.17,1560677
2026-09-10 10:00:00,JPM,211.17,212.09,210.94,211.90,453229
2026-09-10 10:30:00,JPM,211.90,212.48,210.87,212.01,365061
2026-09-10 11:00:00,JPM,212.01,213.33,211.43,213.04,439120
2026-09-10 11:30:00,JPM,213.04,213.91,212.81,213.34,360190
2026-09-10 12:00:00,JPM,213.34,214.56,211.75,212.42,86762
2026-09-10 12:30:00,JPM,212.42,213.49,212.28,213.03,165474
2026-09-10 13:00:00,JPM,213.03,213.38,211.73,211.99,195927
2026-09-10 13:30:00,JPM,211.99,214.12,210.93,212.96,355593
2026-09-10 14:00:00,JPM,212.96,213.63,211.45,212.42,448189
2026-09-10 14:30:00,JPM,212.42,212.85,212.13,212.48,148803
2026-09-10 15:00:00,JPM,212.48,213.38,212.09,212.63,243354
2026-09-10 15:30:00,JPM,212.63,213.01,210.40,212.46,798532
2026-09-10 16:00:00,JPM,212.46,213.69,211.78,213.63,1088969
2026-09-11 09:30:00,JPM,216.82,217.48,215.35,217.22,748549
2026-09-11 10:00:00,JPM,217.22,217.82,216.38,216.91,695440
2026-09-11 10:30:00,JPM,216.91,220.40,215.67,219.91,120755
2026-09-11 11:00:00,JPM,219.91,221.32,219.45,221.21,97192
2026-09-11 11:30:00,JPM,221.21,221.81,220.31,221.56,111072
2026-09-11 12:00:00,JPM,221.56,221.89,218.60,219.23,85385
2026-09-11 12:30:00,JPM,219.23,219.56,217.89,219.52,395512
2026-09-11 13:00:00,JPM,219.52,221.81,219.24,220.22,127594
2026-09-11 13:30:00,JPM,220.22,221.98,219.21,221.20,225424
2026-09-11 14:00:00,JPM,221.20,222.44,220.71,222.21,401365
2026-09-11 14:30:00,JPM,222.21,223.41,221.20,223.36,131959
2026-09-11 15:00:00,JPM,223.36,225.42,222.14,224.21,227774
2026-09-11 15:30:00,JPM,224.21,224.83,222.77,223.93,254539
2026-09-11 16:00:00,JPM,223.93,224.54,223.72,224.48,1445550
2026-09-14 09:30:00,JPM,226.67,227.45,223.85,225.70,829266
2026-09-14 10:00:00,JPM,225.70,227.94,223.78,226.80,694692
2026-09-14 10:30:00,JPM,226.80,227.59,225.06,227.03,144810
2026-09-14 11:00:00,JPM,227.03,230.16,226.83,229.21,339950
2026-09-14 11:30:00,JPM,229.21,230.64,228.99,229.39,252026
2026-09-14 12:00:00,JPM,229.39,230.18,229.29,229.32,319571
2026-09-14 12:30:00,JPM,229.32,229.73,227.71,228.57,370411
2026-09-14 13:00:00,JPM,228.57,230.51,227.16,228.43,304375
2026-09-14 13:30:00,JPM,228.43,228.92,227.94,228.64,436060
2026-09-14 14:00:00,JPM,228.64,228.73,227.50,227.59,433453
2026-09-14 14:30:00,JPM,227.59,227.61,226.02,227.10,124567
2026-09-14 15:00:00,JPM,227.10,228.37,226.56,227.78,444399
2026-09-14 15:30:00,JPM,227.78,227.98,225.42,227.38,317853
2026-09-14 16:00:00,JPM,227.38,227.73,225.61,226.01,869982
2026-09-15 09:30:00,JPM,221.55,222.61,218.67,219.69,1496709
2026-09-15 10:00:00,JPM,219.69,220.89,218.89,219.42,925105
2026-09-15 10:30:00,JPM,219.42,220.10,218.78,219.03,429530
2026-09-15 11:00:00,JPM,219.03,219.50,217.57,218.18,318359
2026-09-15 11:30:00,JPM,218.18,218.76,217.82,218.31,340714
2026-09-15 12:00:00,JPM,218.31,220.49,217.08,218.67,115771
2026-09-15 12:30:00,JPM,218.67,219.23,218.67,219.05,173897
2026-09-15 13:00:00,JPM,219.05,219.83,217.26,217.87,130506
2026-09-15 13:30:00,JPM,217.87,219.23,216.75,219.16,352602
2026-09-15 14:00:00,JPM,219.16,220.77,218.82,219.42,337032
2026-09-15 14:30:00,JPM,219.42,221.98,219.39,221.01,363392
2026-09-15 15:00:00,JPM,221.01,221.56,217.64,218.44,142460
2026-09-15 15:30:00,JPM,218.44,219.21,218.00,218.71,644617
2026-09-15 16:00:00,JPM,218.71,218.78,217.98,218.48,1085530
2026-09-16 09:30:00,JPM,220.89,221.74,220.28,221.43,1265960
2026-09-16 10:00:00,JPM,221.43,222.25,221.40,221.88,764382
2026-09-16 10:30:00,JPM,221.88,222.88,220.23,221.02,161951
2026-09-16 11:00:00,JPM,221.02,221.79,220.48,220.51,339360
2026-09-16 11:30:00,JPM,220.51,220.92,219.07,219.65,229127
2026-09-16 12:00:00,JPM,219.65,219.73,217.86,218.02,103655
2026-09-16 12:30:00,JPM,218.02,219.32,217.65,218.79,407760
2026-09-16 13:00:00,JPM,218.79,218.98,217.20,217.49,260954
2026-09-16 13:30:00,JPM,217.49,218.69,216.96,218.65,203009
2026-09-16 14:00:00,JPM,218.65,219.59,217.83,218.98,440705
2026-09-16 14:30:00,JPM,218.98,220.14,218.90,219.88,250979
2026-09-16 15:00:00,JPM,219.88,221.21,219.62,220.11,301497
2026-09-16 15:30:00,JPM,220.11,220.80,217.88,218.00,866551
2026-09-16 16:00:00,JPM,218.00,220.38,217.91,219.72,1646118
2026-09-17 09:30:00,JPM,218.06,219.14,217.73,219.01,881821
2026-09-17 10:00:00,JPM,219.01,219.79,218.32,218.39,894693
2026-09-17 10:30:00,JPM,218.39,219.01,215.53,217.44,185779
2026-09-17 11:00:00,JPM,217.44,217.47,215.05,215.38,360931
2026-09-17 11:30:00,JPM,215.38,215.51,212.85,213.42,235881
2026-09-17 12:00:00,JPM,213.42,214.56,213.23,214.54,128212
2026-09-17 12:30:00,JPM,214.54,216.53,213.57,216.33,390307
2026-09-17 13:00:00,JPM,216.33,216.57,215.89,216.16,189963
2026-09-17 13:30:00,JPM,216.16,216.33,214.79,215.04,238254
2026-09-17 14:00:00,JPM,215.04,215.06,213.84,214.18,297219
2026-09-17 14:30:00,JPM,214.18,215.04,212.83,213.43,317622
2026-09-17 15:00:00,JPM,213.43,214.26,212.07,212.84,350650
2026-09-17 15:30:00,JPM,212.84,213.48,211.12,211.86,473297
2026-09-17 16:00:00,JPM,211.86,213.03,210.31,210.85,1787828
2026-09-18 09:30:00,JPM,210.45,210.66,208.98,209.07,1637232
2026-09-18 10:00:00,JPM,209.07,209.11,207.76,208.01,460394
2026-09-18 10:30:00,JPM,208.01,208.32,207.01,207.66,237430
2026-09-18 11:00:00,JPM,207.66,209.40,207.04,208.98,113778
2026-09-18 11:30:00,JPM,208.98,210.03,207.62,207.68,164192
2026-09-18 12:00:00,JPM,207.68,208.61,206.70,208.57,292790
2026-09-18 12:30:00,JPM,208.57,209.07,207.29,208.65,242812
2026-09-18 13:00:00,JPM,208.65,209.92,208.44,209.01,308659
2026-09-18 13:30:00,JPM,209.01,209.76,206.88,207.05,95278
2026-09-18 14:00:00,JPM,207.05,207.95,205.74,207.88,425333
2026-09-18 14:30:00,JPM,207.88,208.21,205.38,206.50,90437
2026-09-18 15:00:00,JPM,206.50,208.42,205.98,206.97,244576
2026-09-18 15:30:00,JPM,206.97,207.84,204.74,205.34,631088
2026-09-18 16:00:00,JPM,205.34,206.05,203.45,204.77,1282349
2026-08-31 09:30:00,V,287.32,287.60,286.31,286.65,1499097
2026-08-31 10:00:00,V,286.65,288.59,285.60,288.14,800775
2026-08-31 10:30:00,V,288.14,288.16,283.54,285.41,204820
2026-08-31 11:00:00,V,285.41,286.32,283.02,283.68,284446
2026-08-31 11:30:00,V,283.68,286.47,282.29,285.96,301705
2026-08-31 12:00:00,V,285.96,286.56,285.80,286.14,294106
2026-08-31 12:30:00,V,286.14,287.23,284.94,287.20,337089
2026-08-31 13:00:00,V,287.20,287.49,284.44,285.30,328960
2026-08-31 13:30:00,V,285.30,287.36,283.19,286.41,155975
2026-08-31 14:00:00,V,286.41,287.50,285.05,285.13,397621
2026-08-31 14:30:00,V,285.13,286.57,284.63,284.95,108664
2026-08-31 15:00:00,V,284.95,286.42,284.11,284.18,242145
2026-08-31 15:30:00,V,284.18,286.76,283.11,285.86,377982
2026-08-31 16:00:00,V,285.86,286.00,284.89,285.00,1274129
2026-09-01 09:30:00,V,285.23,288.76,284.57,287.87,943796
2026-09-01 10:00:00,V,287.87,291.34,286.15,290.81,418010
2026-09-01 10:30:00,V,290.81,293.12,289.67,292.46,293012
2026-09-01 11:00:00,V,292.46,292.64,290.27,290.98,121992
2026-09-01 11:30:00,V,290.98,294.38,290.05,292.42,254442
2026-09-01 12:00:00,V,292.42,293.10,290.57,292.72,132636
2026-09-01 12:30:00,V,292.72,294.98,291.86,293.70,395682
2026-09-01 13:00:00,V,293.70,293.86,292.54,293.71,251320
2026-09-01 13:30:00,V,293.71,293.77,292.22,293.47,410383
2026-09-01 14:00:00,V,293.47,295.38,293.01,294.14,81612
2026-09-01 14:30:00,V,294.14,294.90,292.54,292.69,162744
2026-09-01 15:00:00,V,292.69,293.25,291.23,293.25,420357
2026-09-01 15:30:00,V,293.25,295.31,292.61,293.52,584914
2026-09-01 16:00:00,V,293.52,295.31,290.86,291.42,729990
2026-09-02 09:30:00,V,291.35,294.17,289.89,293.40,866628
2026-09-02 10:00:00,V,293.40,295.00,292.69,294.55,848097
2026-09-02 10:30:00,V,294.55,295.77,292.32,295.41,372830
2026-09-02 11:00:00,V,295.41,296.45,292.26,294.35,183948
2026-09-02 11:30:00,V,294.35,294.48,290.63,292.43,106100
2026-09-02 12:00:00,V,292.43,293.00,291.33,291.36,272896
2026-09-02 12:30:00,V,291.36,292.55,290.32,291.98,87400
2026-09-02 13:00:00,V,291.98,292.94,290.87,291.76,433165
2026-09-02 13:30:00,V,291.76,292.41,291.10,291.12,186506
2026-09-02 14:00:00,V,291.12,293.83,290.97,292.13,339086
2026-09-02 14:30:00,V,292.13,292.85,290.47,291.13,188321
2026-09-02 15:00:00,V,291.13,292.89,287.45,287.73,299325
2026-09-02 15:30:00,V,287.73,290.38,286.27,289.69,280170
2026-09-02 16:00:00,V,289.69,290.38,288.02,289.49,1225186
2026-09-03 09:30:00,V,286.57,287.22,284.14,285.01,1127895
2026-09-03 10:00:00,V,285.01,286.70,284.87,285.81,472526
2026-09-03 10:30:00,V,285.81,287.19,285.35,285.41,129953
2026-09-03 11:00:00,V,285.41,285.69,284.38,284.48,203124
2026-09-03 11:30:00,V,284.48,284.63,282.32,283.36,393645
2026-09-03 12:00:00,V,283.36,283.77,280.67,282.24,82810
2026-09-03 12:30:00,V,282.24,283.50,281.95,282.26,274459
2026-09-03 13:00:00,V,282.26,284.79,280.87,283.52,101561
2026-09-03 13:30:00,V,283.52,283.86,280.66,282.71,325411
2026-09-03 14:00:00,V,282.71,283.24,282.13,282.70,358094
2026-09-03 14:30:00,V,282.70,282.98,280.90,281.85,341730
2026-09-03 15:00:00,V,281.85,286.33,280.63,285.15,269054
2026-09-03 15:30:00,V,285.15,286.47,284.26,286.14,526570
2026-09-03 16:00:00,V,286.14,287.10,284.86,284.96,795996
2026-09-04 09:30:00,V,282.45,286.31,281.94,286.27,1785156
2026-09-04 10:00:00,V,286.27,286.73,285.88,286.45,287604
2026-09-04 10:30:00,V,286.45,287.79,286.35,287.26,324912
2026-09-04 11:00:00,V,287.26,288.41,283.20,283.43,266919
2026-09-04 11:30:00,V,283.43,284.57,283.24,283.32,319997
2026-09-04 12:00:00,V,283.32,283.40,280.61,280.91,129061
2026-09-04 12:30:00,V,280.91,281.12,279.79,280.48,168235
2026-09-04 13:00:00,V,280.48,282.18,279.28,280.54,191356
2026-09-04 13:30:00,V,280.54,282.58,278.70,279.88,355783
2026-09-04 14:00:00,V,279.88,280.57,279.30,280.02,341153
2026-09-04 14:30:00,V,280.02,280.84,277.97,279.62,93611
2026-09-04 15:00:00,V,279.62,282.05,278.31,278.92,135611
2026-09-04 15:30:00,V,278.92,280.08,278.49,279.82,335000
2026-09-04 16:00:00,V,279.82,280.16,276.74,277.96,1014801
2026-09-07 09:30:00,V,278.45,278.51,277.14,278.40,1400223
2026-09-07 10:00:00,V,278.40,279.05,276.84,278.11,846805
2026-09-07 10:30:00,V,278.11,281.16,277.88,279.88,109116
2026-09-07 11:00:00,V,279.88,279.92,277.85,278.96,395774
2026-09-07 11:30:00,V,278.96,279.56,277.10,278.09,289147
2026-09-07 12:00:00,V,278.09,282.53,277.18,281.06,165427
2026-09-07 12:30:00,V,281.06,281.64,278.82,280.14,160810
2026-09-07 13:00:00,V,280.14,280.88,276.99,277.69,306680
2026-09-07 13:30:00,V,277.69,279.66,276.52,277.50,268242
2026-09-07 14:00:00,V,277.50,278.34,275.17,276.59,348777
2026-09-07 14:30:00,V,276.59,277.96,276.06,277.06,394751
2026-09-07 15:00:00,V,277.06,279.05,276.38,277.75,273061
2026-09-07 15:30:00,V,277.75,278.36,276.58,276.80,608345
2026-09-07 16:00:00,V,276.80,278.31,276.58,277.02,775204
2026-09-08 09:30:00,V,279.37,279.59,278.49,278.78,1431926
2026-09-08 10:00:00,V,278.78,279.51,275.82,276.31,383997
2026-09-08 10:30:00,V,276.31,276.76,275.64,276.46,210366
2026-09-08 11:00:00,V,276.46,276.57,275.16,275.49,103642
2026-09-08 11:30:00,V,275.49,276.72,275.40,275.69,296541
2026-09-08 12:00:00,V,275.69,277.98,275.09,277.26,213620
2026-09-08 12:30:00,V,277.26,278.54,276.16,276.92,88529
2026-09-08 13:00:00,V,276.92,279.21,276.68,278.36,286022
2026-09-08 13:30:00,V,278.36,280.01,278.10,279.13,449297
2026-09-08 14:00:00,V,279.13,280.25,277.43,278.69,407056
2026-09-08 14:30:00,V,278.69,279.56,277.94,279.27,178142
2026-09-08 15:00:00,V,279.27,279.79,278.59,279.45,433060
2026-09-08 15:30:00,V,279.45,280.30,278.73,279.40,256131
2026-09-08 16:00:00,V,279.40,279.49,278.74,279.29,1299538
2026-09-09 09:30:00,V,277.58,281.52,276.77,279.84,1747087
2026-09-09 10:00:00,V,279.84,280.31,277.91,279.03,664184
2026-09-09 10:30:00,V,279.03,279.62,278.65,279.27,88328
2026-09-09 11:00:00,V,279.27,280.13,278.73,279.94,94058
2026-09-09 11:30:00,V,279.94,281.70,279.38,280.46,408235
2026-09-09 12:00:00,V,280.46,281.15,278.58,279.43,125137
2026-09-09 12:30:00,V,279.43,280.36,278.86,279.04,167087
2026-09-09 13:00:00,V,279.04,280.32,278.21,279.14,313447
2026-09-09 13:30:00,V,279.14,280.80,278.40,280.58,185559
2026-09-09 14:00:00,V,280.58,281.04,277.75,279.34,285381
2026-09-09 14:30:00,V,279.34,279.58,278.39,279.55,297939
2026-09-09 15:00:00,V,279.55,280.39,276.98,278.15,392391
2026-09-09 15:30:00,V,278.15,281.39,276.79,277.65,788292
2026-09-09 16:00:00,V,277.65,279.01,277.00,278.00,1473203
2026-09-10 09:30:00,V,278.22,279.86,278.08,278.72,1610261
2026-09-10 10:00:00,V,278.72,281.95,277.86,281.22,768823
2026-09-10 10:30:00,V,281.22,282.91,280.33,281.99,315051
2026-09-10 11:00:00,V,281.99,282.16,281.82,281.96,260275
2026-09-10 11:30:00,V,281.96,283.80,281.56,282.82,388102
2026-09-10 12:00:00,V,282.82,284.29,281.45,283.85,424435
2026-09-10 12:30:00,V,283.85,285.67,282.08,282.44,284666
2026-09-10 13:00:00,V,282.44,285.25,281.77,284.83,327634
2026-09-10 13:30:00,V,284.83,285.36,281.40,283.04,406024
2026-09-10 14:00:00,V,283.04,284.93,282.16,283.61,170854
2026-09-10 14:30:00,V,283.61,284.80,282.45,284.42,132902
2026-09-10 15:00:00,V,284.42,287.37,283.77,285.30,371939
2026-09-10 15:30:00,V,285.30,285.55,285.25,285.39,523477
2026-09-10 16:00:00,V,285.39,285.80,284.08,284.98,517045
2026-09-11 09:30:00,V,281.28,282.49,280.80,281.74,1628560
2026-09-11 10:00:00,V,281.74,282.50,281.06,282.39,606855
2026-09-11 10:30:00,V,282.39,284.41,282.25,282.92,159261
2026-09-11 11:00:00,V,282.92,284.02,279.92,281.36,396821
2026-09-11 11:30:00,V,281.36,282.57,279.61,280.46,319670
2026-09-11 12:00:00,V,280.46,281.90,279.57,279.91,135517
2026-09-11 12:30:00,V,279.91,281.50,279.65,280.31,374897
2026-09-11 13:00:00,V,280.31,280.71,279.80,279.91,410262
2026-09-11 13:30:00,V,279.91,281.00,278.99,280.60,311482
2026-09-11 14:00:00,V,280.60,282.29,279.56,282.21,132058
2026-09-11 14:30:00,V,282.21,283.65,282.02,282.95,185848
2026-09-11 15:00:00,V,282.95,283.81,282.07,282.41,83453
2026-09-11 15:30:00,V,282.41,284.15,281.84,282.53,339374
2026-09-11 16:00:00,V,282.53,283.99,281.13,283.85,1320336
2026-09-14 09:30:00,V,282.06,284.42,280.84,283.55,1334415
2026-09-14 10:00:00,V,283.55,284.24,281.75,283.77,731037
2026-09-14 10:30:00,V,283.77,286.09,283.45,285.06,437668
2026-09-14 11:00:00,V,285.06,285.23,284.83,284.91,351239
2026-09-14 11:30:00,V,284.91,285.46,284.78,285.11,245048
2026-09-14 12:00:00,V,285.11,286.01,282.55,283.37,99447
2026-09-14 12:30:00,V,283.37,284.63,282.29,283.94,381233
2026-09-14 13:00:00,V,283.94,286.13,283.64,285.68,352513
2026-09-14 13:30:00,V,285.68,286.60,283.74,283.90,436972
2026-09-14 14:00:00,V,283.90,285.63,283.03,283.17,260437
2026-09-14 14:30:00,V,283.17,283.89,282.10,282.14,356714
2026-09-14 15:00:00,V,282.14,282.46,280.60,281.65,365435
2026-09-14 15:30:00,V,281.65,283.62,280.78,282.74,713621
2026-09-14 16:00:00,V,282.74,284.50,281.75,281.93,863759
2026-09-15 09:30:00,V,280.04,280.74,279.19,280.49,714252
2026-09-15 10:00:00,V,280.49,281.58,280.11,280.25,474116
2026-09-15 10:30:00,V,280.25,282.26,278.78,281.64,163900
2026-09-15 11:00:00,V,281.64,283.49,281.14,281.41,363080
2026-09-15 11:30:00,V,281.41,281.77,280.46,280.68,344909
2026-09-15 12:00:00,V,280.68,280.92,278.53,278.73,275548
2026-09-15 12:30:00,V,278.73,279.77,277.64,278.69,145404
2026-09-15 13:00:00,V,278.69,281.32,278.33,280.23,82733
2026-09-15 13:30:00,V,280.23,280.96,275.95,276.84,376535
2026-09-15 14:00:00,V,276.84,277.29,271.40,273.38,428924
2026-09-15 14:30:00,V,273.38,273.62,271.41,271.82,380294
2026-09-15 15:00:00,V,271.82,273.32,270.62,272.68,352454
2026-09-15 15:30:00,V,272.68,273.09,272.12,272.69,628816
2026-09-15 16:00:00,V,272.69,273.15,272.52,272.66,1342741
2026-09-16 09:30:00,V,273.18,274.85,272.10,272.79,1448775
2026-09-16 10:00:00,V,272.79,273.29,272.40,272.95,836120
2026-09-16 10:30:00,V,272.95,273.81,271.79,271.89,218251
2026-09-16 11:00:00,V,271.89,272.51,269.14,270.44,336660
2026-09-16 11:30:00,V,270.44,270.55,269.56,270.45,165376
2026-09-16 12:00:00,V,270.45,271.25,270.34,270.90,449373
2026-09-16 12:30:00,V,270.90,271.94,270.24,270.33,444102
2026-09-16 13:00:00,V,270.33,271.64,270.28,270.70,273636
2026-09-16 13:30:00,V,270.70,271.08,267.63,267.83,294234
2026-09-16 14:00:00,V,267.83,269.29,267.58,268.77,141730
2026-09-16 14:30:00,V,268.77,272.06,266.89,270.25,238995
2026-09-16 15:00:00,V,270.25,270.45,269.30,270.23,301122
2026-09-16 15:30:00,V,270.23,273.68,269.69,271.95,547252
2026-09-16 16:00:00,V,271.95,274.04,271.51,272.49,1181169
2026-09-17 09:30:00,V,272.70,273.20,271.96,273.09,1398697
2026-09-17 10:00:00,V,273.09,274.49,272.21,273.27,748312
2026-09-17 10:30:00,V,273.27,275.91,272.95,274.50,413688
2026-09-17 11:00:00,V,274.50,275.97,274.27,275.05,315444
2026-09-17 11:30:00,V,275.05,277.42,274.02,276.29,406940
2026-09-17 12:00:00,V,276.29,277.81,275.95,277.27,287301
2026-09-17 12:30:00,V,277.27,277.50,276.67,277.12,225424
2026-09-17 13:00:00,V,277.12,278.18,274.61,275.99,93004
2026-09-17 13:30:00,V,275.99,276.67,273.76,274.05,144897
2026-09-17 14:00:00,V,274.05,274.28,272.30,272.58,404379
2026-09-17 14:30:00,V,272.58,272.96,269.64,270.64,329474
2026-09-17 15:00:00,V,270.64,270.81,270.30,270.30,425114
2026-09-17 15:30:00,V,270.30,271.27,268.81,271.06,507201
2026-09-17 16:00:00,V,271.06,272.15,269.63,271.37,1665410
2026-09-18 09:30:00,V,268.18,269.65,267.64,268.98,544337
2026-09-18 10:00:00,V,268.98,269.09,265.94,266.22,275225
2026-09-18 10:30:00,V,266.22,267.38,265.65,266.91,214835
2026-09-18 11:00:00,V,266.91,271.06,266.24,269.78,175771
2026-09-18 11:30:00,V,269.78,269.79,269.21,269.58,240848
2026-09-18 12:00:00,V,269.58,271.76,267.56,271.38,175136
2026-09-18 12:30:00,V,271.38,272.85,271.33,272.56,284440
2026-09-18 13:00:00,V,272.56,273.45,272.04,273.17,143421
2026-09-18 13:30:00,V,273.17,273.77,272.43,272.63,393002
2026-09-18 14:00:00,V,272.63,273.15,271.45,271.46,140335
2026-09-18 14:30:00,V,271.46,271.55,269.57,270.31,369994
2026-09-18 15:00:00,V,270.31,270.85,268.68,269.20,89763
2026-09-18 15:30:00,V,269.20,270.00,267.03,269.74,356440
2026-09-18 16:00:00,V,269.74,270.91,269.58,269.83,1303008
2026-08-31 09:30:00,WMT,75.83,75.97,74.92,75.29,748565
2026-08-31 10:00:00,WMT,75.29,75.73,74.85,75.30,507070
2026-08-31 10:30:00,WMT,75.30,75.35,74.81,75.01,80524
2026-08-31 11:00:00,WMT,75.01,75.22,74.36,74.85,405441
2026-08-31 11:30:00,WMT,74.85,75.39,74.18,74.67,332804
2026-08-31 12:00:00,WMT,74.67,74.71,74.51,74.69,436514
2026-08-31 12:30:00,WMT,74.69,74.82,74.31,74.50,347559
2026-08-31 13:00:00,WMT,74.50,74.52,74.10,74.22,360016
2026-08-31 13:30:00,WMT,74.22,74.29,73.92,74.00,153216
2026-08-31 14:00:00,WMT,74.00,74.23,73.25,74.11,306472
2026-08-31 14:30:00,WMT,74.11,74.45,73.97,74.21,259639
2026-08-31 15:00:00,WMT,74.21,74.59,73.21,73.64,317354
2026-08-31 15:30:00,WMT,73.64,73.94,73.53,73.59,878635
2026-08-31 16:00:00,WMT,73.59,74.01,73.19,73.79,730443
2026-09-01 09:30:00,WMT,73.81,74.25,73.74,73.81,813931
2026-09-01 10:00:00,WMT,73.81,74.04,73.19,73.29,814271
2026-09-01 10:30:00,WMT,73.29,73.66,72.63,72.83,421451
2026-09-01 11:00:00,WMT,72.83,72.93,72.68,72.91,432450
2026-09-01 11:30:00,WMT,72.91,73.30,72.17,72.55,277329
2026-09-01 12:00:00,WMT,72.55,72.86,72.40,72.69,445444
2026-09-01 12:30:00,WMT,72.69,73.26,72.68,73.15,274238
2026-09-01 13:00:00,WMT,73.15,73.55,73.14,73.46,227395
2026-09-01 13:30:00,WMT,73.46,73.67,73.17,73.53,180407
2026-09-01 14:00:00,WMT,73.53,74.04,73.42,73.89,202818
2026-09-01 14:30:00,WMT,73.89,74.89,73.82,74.35,99291
2026-09-01 15:00:00,WMT,74.35,74.79,74.20,74.24,182805
2026-09-01 15:30:00,WMT,74.24,74.54,74.03,74.06,366335
2026-09-01 16:00:00,WMT,74.06,74.54,73.80,74.34,1636373
2026-09-02 09:30:00,WMT,74.40,74.65,74.10,74.22,586418
2026-09-02 10:00:00,WMT,74.22,74.93,73.87,74.59,489038
2026-09-02 10:30:00,WMT,74.59,75.19,74.53,74.96,92120
2026-09-02 11:00:00,WMT,74.96,75.87,74.94,75.55,359414
2026-09-02 11:30:00,WMT,75.55,75.76,75.21,75.22,303930
2026-09-02 12:00:00,WMT,75.22,75.54,74.83,75.22,107191
2026-09-02 12:30:00,WMT,75.22,75.55,75.10,75.40,143815
2026-09-02 13:00:00,WMT,75.40,75.50,74.95,75.16,269515
2026-09-02 13:30:00,WMT,75.16,75.17,75.08,75.09,300233
2026-09-02 14:00:00,WMT,75.09,75.27,74.97,75.01,285446
2026-09-02 14:30:00,WMT,75.01,75.15,74.97,75.07,198294
2026-09-02 15:00:00,WMT,75.07,75.29,75.03,75.06,119028
2026-09-02 15:30:00,WMT,75.06,75.32,75.02,75.25,905669
2026-09-02 16:00:00,WMT,75.25,75.56,75.11,75.36,500380
2026-09-03 09:30:00,WMT,74.83,74.91,74.48,74.62,676158
2026-09-03 10:00:00,WMT,74.62,74.71,73.70,73.89,794918
2026-09-03 10:30:00,WMT,73.89,74.03,72.96,73.43,394554
2026-09-03 11:00:00,WMT,73.43,73.67,72.89,73.08,124844
2026-09-03 11:30:00,WMT,73.08,73.53,72.75,72.82,277863
2026-09-03 12:00:00,WMT,72.82,73.18,72.52,72.62,311692
2026-09-03 12:30:00,WMT,72.62,72.95,72.53,72.69,306408
2026-09-03 13:00:00,WMT,72.69,73.23,72.53,73.11,279992
2026-09-03 13:30:00,WMT,73.11,73.34,72.88,73.04,295538
2026-09-03 14:00:00,WMT,73.04,73.38,73.02,73.10,281284
2026-09-03 14:30:00,WMT,73.10,73.31,73.03,73.08,405169
2026-09-03 15:00:00,WMT,73.08,73.21,72.57,72.90,318066
2026-09-03 15:30:00,WMT,72.90,73.17,72.69,72.72,363253
2026-09-03 16:00:00,WMT,72.72,73.22,72.39,73.05,856039
2026-09-04 09:30:00,WMT,73.43,73.63,73.23,73.57,1459567
2026-09-04 10:00:00,WMT,73.57,73.61,73.35,73.57,504963
2026-09-04 10:30:00,WMT,73.57,73.69,73.38,73.64,349025
2026-09-04 11:00:00,WMT,73.64,74.28,73.55,73.94,243152
2026-09-04 11:30:00,WMT,73.94,74.07,73.50,73.64,396318
2026-09-04 12:00:00,WMT,73.64,74.03,73.47,73.92,84237
2026-09-04 12:30:00,WMT,73.92,73.95,73.41,73.50,373312
2026-09-04 13:00:00,WMT,73.50,73.83,73.33,73.69,182449
2026-09-04 13:30:00,WMT,73.69,74.16,73.67,74.12,179276
2026-09-04 14:00:00,WMT,74.12,74.40,73.84,74.24,325053
2026-09-04 14:30:00,WMT,74.24,74.35,73.57,74.04,403015
2026-09-04 15:00:00,WMT,74.04,74.10,73.52,73.70,134970
2026-09-04 15:30:00,WMT,73.70,73.80,73.08,73.22,253876
2026-09-04 16:00:00,WMT,73.22,73.49,72.98,73.29,1428398
2026-09-07 09:30:00,WMT,73.08,73.13,72.44,72.94,1145237
2026-09-07 10:00:00,WMT,72.94,73.24,72.63,73.05,257052
2026-09-07 10:30:00,WMT,73.05,73.43,72.99,73.38,95737
2026-09-07 11:00:00,WMT,73.38,73.42,72.97,73.24,268696
2026-09-07 11:30:00,WMT,73.24,73.46,73.23,73.41,183717
2026-09-07 12:00:00,WMT,73.41,73.55,73.37,73.38,370720
2026-09-07 12:30:00,WMT,73.38,73.58,73.24,73.58,172315
2026-09-07 13:00:00,WMT,73.58,74.33,73.27,73.95,278664
2026-09-07 13:30:00,WMT,73.95,74.26,73.59,74.02,257410
2026-09-07 14:00:00,WMT,74.02,74.34,74.00,74.27,426506
2026-09-07 14:30:00,WMT,74.27,74.94,74.05,74.82,406738
2026-09-07 15:00:00,WMT,74.82,75.58,74.71,75.29,148574
2026-09-07 15:30:00,WMT,75.29,75.41,75.16,75.37,646566
2026-09-07 16:00:00,WMT,75.37,75.54,75.02,75.29,546878
2026-09-08 09:30:00,WMT,75.62,75.95,75.51,75.67,761567
2026-09-08 10:00:00,WMT,75.67,75.70,75.42,75.48,543678
2026-09-08 10:30:00,WMT,75.48,76.21,75.05,75.91,189700
2026-09-08 11:00:00,WMT,75.91,75.96,75.43,75.80,427866
2026-09-08 11:30:00,WMT,75.80,75.88,75.35,75.68,346945
2026-09-08 12:00:00,WMT,75.68,76.28,75.50,76.10,173846
2026-09-08 12:30:00,WMT,76.10,76.29,75.87,75.99,339413
2026-09-08 13:00:00,WMT,75.99,76.27,75.50,75.55,414551
2026-09-08 13:30:00,WMT,75.55,76.05,75.40,75.92,186430
2026-09-08 14:00:00,WMT,75.92,76.13,75.87,75.98,194606
2026-09-08 14:30:00,WMT,75.98,76.40,75.33,75.78,276139
2026-09-08 15:00:00,WMT,75.78,75.78,75.40,75.49,124054
2026-09-08 15:30:00,WMT,75.49,75.74,75.39,75.40,787145
2026-09-08 16:00:00,WMT,75.40,75.66,75.25,75.50,1430525
2026-09-09 09:30:00,WMT,75.12,75.42,75.11,75.25,501837
2026-09-09 10:00:00,WMT,75.25,75.50,75.13,75.36,336422
2026-09-09 10:30:00,WMT,75.36,75.43,74.91,75.15,366603
2026-09-09 11:00:00,WMT,75.15,75.44,74.75,74.84,117407
2026-09-09 11:30:00,WMT,74.84,75.01,74.59,74.79,254985
2026-09-09 12:00:00,WMT,74.79,75.07,74.66,74.89,438371
2026-09-09 12:30:00,WMT,74.89,75.51,74.78,75.43,396687
2026-09-09 13:00:00,WMT,75.43,76.54,75.42,76.53,216910
2026-09-09 13:30:00,WMT,76.53,76.71,76.03,76.04,261735
2026-09-09 14:00:00,WMT,76.04,76.33,75.81,76.12,423570
2026-09-09 14:30:00,WMT,76.12,76.67,76.10,76.36,158266
2026-09-09 15:00:00,WMT,76.36,76.64,76.34,76.52,202538
2026-09-09 15:30:00,WMT,76.52,76.89,76.29,76.33,741507
2026-09-09 16:00:00,WMT,76.33,76.56,76.24,76.29,843942
2026-09-10 09:30:00,WMT,75.92,76.14,75.08,75.28,1621147
2026-09-10 10:00:00,WMT,75.28,75.57,75.26,75.46,384580
2026-09-10 10:30:00,WMT,75.46,75.78,75.00,75.31,265945
2026-09-10 11:00:00,WMT,75.31,75.45,75.12,75.33,439537
2026-09-10 11:30:00,WMT,75.33,75.71,75.27,75.35,387733
2026-09-10 12:00:00,WMT,75.35,75.72,75.08,75.13,152946
2026-09-10 12:30:00,WMT,75.13,76.00,74.99,75.57,396147
2026-09-10 13:00:00,WMT,75.57,76.20,75.43,75.96,284936
2026-09-10 13:30:00,WMT,75.96,76.20,75.76,76.18,178743
2026-09-10 14:00:00,WMT,76.18,76.62,76.15,76.43,316734
2026-09-10 14:30:00,WMT,76.43,76.57,76.13,76.28,173132
2026-09-10 15:00:00,WMT,76.28,77.02,76.21,76.70,336174
2026-09-10 15:30:00,WMT,76.70,76.94,76.52,76.92,465893
2026-09-10 16:00:00,WMT,76.92,76.95,76.46,76.77,596757
2026-09-11 09:30:00,WMT,76.36,76.64,76.34,76.45,1311638
2026-09-11 10:00:00,WMT,76.45,76.86,75.60,75.75,322103
2026-09-11 10:30:00,WMT,75.75,76.34,75.46,75.99,188254
2026-09-11 11:00:00,WMT,75.99,76.26,75.69,76.15,328921
2026-09-11 11:30:00,WMT,76.15,76.51,75.92,76.36,242693
2026-09-11 12:00:00,WMT,76.36,76.49,76.00,76.07,83902
2026-09-11 12:30:00,WMT,76.07,76.30,75.85,75.86,289315
2026-09-11 13:00:00,WMT,75.86,75.96,75.56,75.69,337403
2026-09-11 13:30:00,WMT,75.69,76.32,75.62,76.05,127764
2026-09-11 14:00:00,WMT,76.05,76.48,75.60,75.92,235948
2026-09-11 14:30:00,WMT,75.92,76.37,75.67,76.06,171816
2026-09-11 15:00:00,WMT,76.06,76.13,75.74,75.91,281675
2026-09-11 15:30:00,WMT,75.91,76.02,75.64,75.71,846236
2026-09-11 16:00:00,WMT,75.71,76.30,75.29,76.11,781207
2026-09-14 09:30:00,WMT,76.42,76.72,76.25,76.37,905616
2026-09-14 10:00:00,WMT,76.37,77.23,76.25,77.04,829677
2026-09-14 10:30:00,WMT,77.04,77.41,77.03,77.27,250924
2026-09-14 11:00:00,WMT,77.27,77.38,76.85,76.92,188722
2026-09-14 11:30:00,WMT,76.92,76.93,76.29,76.59,322170
2026-09-14 12:00:00,WMT,76.59,77.07,76.35,76.81,181923
2026-09-14 12:30:00,WMT,76.81,76.83,76.43,76.79,251500
2026-09-14 13:00:00,WMT,76.79,77.38,76.58,77.26,321883
2026-09-14 13:30:00,WMT,77.26,77.74,77.23,77.63,153534
2026-09-14 14:00:00,WMT,77.63,78.57,77.60,78.40,164602
2026-09-14 14:30:00,WMT,78.40,78.48,78.25,78.44,360312
2026-09-14 15:00:00,WMT,78.44,78.62,78.31,78.61,432002
2026-09-14 15:30:00,WMT,78.61,79.00,78.49,78.67,477197
2026-09-14 16:00:00,WMT,78.67,79.03,78.22,78.93,1566311
2026-09-15 09:30:00,WMT,79.13,79.84,78.79,79.63,1794299
2026-09-15 10:00:00,WMT,79.63,79.91,79.13,79.40,715553
2026-09-15 10:30:00,WMT,79.40,79.73,79.39,79.71,277863
2026-09-15 11:00:00,WMT,79.71,80.31,79.59,79.80,127912
2026-09-15 11:30:00,WMT,79.80,80.03,79.79,79.98,87633
2026-09-15 12:00:00,WMT,79.98,80.10,79.81,79.89,130647
2026-09-15 12:30:00,WMT,79.89,80.01,79.31,79.71,168018
2026-09-15 13:00:00,WMT,79.71,79.78,79.30,79.71,249177
2026-09-15 13:30:00,WMT,79.71,79.84,79.63,79.68,188590
2026-09-15 14:00:00,WMT,79.68,80.08,79.53,79.99,135514
2026-09-15 14:30:00,WMT,79.99,80.20,79.88,80.11,290836
2026-09-15 15:00:00,WMT,80.11,80.14,80.06,80.10,424961
2026-09-15 15:30:00,WMT,80.10,80.47,79.80,80.34,636903
2026-09-15 16:00:00,WMT,80.34,81.13,80.01,81.00,1497686
2026-09-16 09:30:00,WMT,81.51,81.69,80.83,81.68,1643709
2026-09-16 10:00:00,WMT,81.68,81.95,80.96,81.47,879006
2026-09-16 10:30:00,WMT,81.47,81.76,80.88,81.28,443709
2026-09-16 11:00:00,WMT,81.28,81.87,81.18,81.77,440513
2026-09-16 11:30:00,WMT,81.77,82.18,81.32,81.52,399046
2026-09-16 12:00:00,WMT,81.52,81.78,81.39,81.57,347924
2026-09-16 12:30:00,WMT,81.57,81.70,80.86,81.44,201952
2026-09-16 13:00:00,WMT,81.44,81.82,80.90,80.95,145041
2026-09-16 13:30:00,WMT,80.95,81.30,80.76,80.77,111416
2026-09-16 14:00:00,WMT,80.77,80.94,80.14,80.34,185912
2026-09-16 14:30:00,WMT,80.34,80.60,79.84,80.48,393563
2026-09-16 15:00:00,WMT,80.48,80.91,80.46,80.67,252328
2026-09-16 15:30:00,WMT,80.67,81.02,80.66,80.87,685047
2026-09-16 16:00:00,WMT,80.87,80.98,80.65,80.80,499688
2026-09-17 09:30:00,WMT,80.95,81.58,80.82,81.49,563401
2026-09-17 10:00:00,WMT,81.49,82.10,81.49,81.91,483249
2026-09-17 10:30:00,WMT,81.91,82.61,81.77,82.43,248630
2026-09-17 11:00:00,WMT,82.43,82.93,82.18,82.63,180907
2026-09-17 11:30:00,WMT,82.63,83.48,82.40,82.80,187070
2026-09-17 12:00:00,WMT,82.80,83.06,82.41,82.96,187150
2026-09-17 12:30:00,WMT,82.96,82.97,82.71,82.80,324881
2026-09-17 13:00:00,WMT,82.80,83.14,82.62,82.62,210531
2026-09-17 13:30:00,WMT,82.62,82.94,82.33,82.84,413239
2026-09-17 14:00:00,WMT,82.84,83.49,82.27,83.05,268524
2026-09-17 14:30:00,WMT,83.05,83.27,82.97,83.16,311408
2026-09-17 15:00:00,WMT,83.16,83.31,82.65,82.77,332707
2026-09-17 15:30:00,WMT,82.77,83.09,82.74,82.86,337275
2026-09-17 16:00:00,WMT,82.86,83.44,82.75,82.92,818468
2026-09-18 09:30:00,WMT,82.79,83.05,82.57,82.79,1720927
2026-09-18 10:00:00,WMT,82.79,83.11,82.76,82.90,742053
2026-09-18 10:30:00,WMT,82.90,83.65,82.44,83.16,276218
2026-09-18 11:00:00,WMT,83.16,83.72,83.13,83.19,286910
2026-09-18 11:30:00,WMT,83.19,83.56,82.86,83.52,388443
2026-09-18 12:00:00,WMT,83.52,84.01,83.31,83.57,145262
2026-09-18 12:30:00,WMT,83.57,83.77,83.17,83.26,213828
2026-09-18 13:00:00,WMT,83.26,83.66,82.87,83.61,262755
2026-09-18 13:30:00,WMT,83.61,83.63,83.10,83.24,421262
2026-09-18 14:00:00,WMT,83.24,83.42,82.62,82.78,209389
2026-09-18 14:30:00,WMT,82.78,82.86,82.65,82.80,434641
2026-09-18 15:00:00,WMT,82.80,83.14,82.33,82.39,157533
2026-09-18 15:30:00,WMT,82.39,82.64,82.31,82.38,881399
2026-09-18 16:00:00,WMT,82.38,82.68,82.01,82.17,788537
